mc	mn	quarterbeats	quarterbeats_all_endings	duration_qb	mc_onset	mn_onset	event	timesig	staff	voice	duration	gracenote	nominal_duration	scalar	chord_id	dynamics	articulation	staff_text	tempo	qpm	metronome_base	metronome_number	tempo_visible	slur	Ottava:8va	decrescendo_hairpin	crescendo_hairpin
1	1	0	0	0.0	0	0	Tempo	9/8	1	1	0								Andantetr√®sexpressifùÖü=60	60.0	Andantetr√®sexpressifùÖü	60.0	1.0				
1	1	1/2	1/2	0.0	1/8	1/8	Dynamic	9/8	1	1	0					pp											
1	1	1	1	0.0	1/4	1/4	StaffText	9/8	1	1	0							con sordino									
1	1	1	1	0.5	1/4	1/4	Chord	9/8	1	1	1/8		1/8	1	0												
1	1	3/2	3/2	1.5	3/8	3/8	Chord	9/8	1	1	3/8		1/4	3/2	1												
1	1	3	3	1.5	3/4	3/4	Chord	9/8	1	1	3/8		1/4	3/2	2												
1	1	1/2	1/2	0.5	1/8	1/8	Chord	9/8	2	1	1/8		1/8	1	3									0			
1	1	1	1	0.5	1/4	1/4	Chord	9/8	2	1	1/8		1/8	1	4									0			
1	1	3/2	3/2	3.0	3/8	3/8	Chord	9/8	2	1	3/4		1/2	3/2	5									0			
2	2	9/2	9/2	0.5	0	0	Chord	9/8	1	1	1/8		1/8	1	6												
2	2	5	5	0.5	1/8	1/8	Chord	9/8	1	1	1/8		1/8	1	7												
2	2	11/2	11/2	0.5	1/4	1/4	Chord	9/8	1	1	1/8		1/8	1	8												
2	2	6	6	3.0	3/8	3/8	Chord	9/8	1	1	3/4		1/2	3/2	9												
2	2	9/2	9/2	3.0	0	0	Chord	9/8	2	1	3/4		1/2	3/2	10									0			
2	2	15/2	15/2	1.5	3/4	3/4	Chord	9/8	2	1	3/8		1/4	3/2	11									0			
3	3	9	9	0.5	0	0	Chord	9/8	1	1	1/8		1/8	1	12												
3	3	19/2	19/2	0.5	1/8	1/8	Chord	9/8	1	1	1/8		1/8	1	13												
3	3	10	10	0.5	1/4	1/4	Chord	9/8	1	1	1/8		1/8	1	14												
3	3	21/2	21/2	0.75	3/8	3/8	Chord	9/8	1	1	3/16		1/8	3/2	15												
3	3	45/4	45/4	0.75	9/16	9/16	Chord	9/8	1	1	3/16		1/8	3/2	16												
3	3	12	12	0.75	3/4	3/4	Chord	9/8	1	1	3/16		1/8	3/2	17												
3	3	51/4	51/4	0.75	15/16	15/16	Chord	9/8	1	1	3/16		1/8	3/2	18												
3	3	21/2	21/2	3.0	3/8	3/8	Chord	9/8	1	2	3/4		1/2	3/2	19												
3	3	9	9	3.0	0	0	Chord	9/8	2	1	3/4		1/2	3/2	20									0			
3	3	12	12	1.5	3/4	3/4	Chord	9/8	2	1	3/8		1/4	3/2	21									0			
4	4	27/2	27/2	0.5	0	0	Chord	9/8	1	1	1/8		1/8	1	22												
4	4	14	14	0.5	1/8	1/8	Chord	9/8	1	1	1/8		1/8	1	23												
4	4	29/2	29/2	0.5	1/4	1/4	Chord	9/8	1	1	1/8		1/8	1	24												
4	4	15	15	3.0	3/8	3/8	Chord	9/8	1	1	3/4		1/2	3/2	25												
4	4	27/2	27/2	3.0	0	0	Chord	9/8	2	1	3/4		1/2	3/2	26									0			
4	4	33/2	33/2	1.5	3/4	3/4	Chord	9/8	2	1	3/8		1/4	3/2	27									0			
5	5	18	18	0.5	0	0	Chord	9/8	1	1	1/8		1/8	1	28												
5	5	37/2	37/2	0.5	1/8	1/8	Chord	9/8	1	1	1/8		1/8	1	29												
5	5	19	19	0.5	1/4	1/4	Chord	9/8	1	1	1/8		1/8	1	30												
5	5	39/2	39/2	0.5	3/8	3/8	Chord	9/8	1	1	1/8		1/8	1	31												
5	5	20	20	0.5	1/2	1/2	Chord	9/8	1	1	1/8		1/8	1	32												
5	5	41/2	41/2	0.5	5/8	5/8	Chord	9/8	1	1	1/8		1/8	1	33												
5	5	21	21	0.5	3/4	3/4	Chord	9/8	1	1	1/8		1/8	1	34												
5	5	43/2	43/2	0.5	7/8	7/8	Chord	9/8	1	1	1/8		1/8	1	35												
5	5	22	22	0.5	1	1	Chord	9/8	1	1	1/8		1/8	1	36												
5	5	18	18	3.0	0	0	Chord	9/8	1	2	3/4		1/2	3/2	37												
5	5	21	21	1.5	3/4	3/4	Chord	9/8	1	2	3/8		1/4	3/2	38												
5	5	18	18	3.0	0	0	Chord	9/8	2	1	3/4		1/2	3/2	39									0			
5	5	21	21	1.5	3/4	3/4	Chord	9/8	2	1	3/8		1/4	3/2	40									0			
5	5	18	18	3.0	0	0	Chord	9/8	2	2	3/4		1/2	3/2	41												
5	5	21	21	1.5	3/4	3/4	Chord	9/8	2	2	3/8		1/4	3/2	42												
6	6	45/2	45/2	0.5	0	0	Chord	9/8	1	1	1/8		1/8	1	43												
6	6	23	23	0.5	1/8	1/8	Chord	9/8	1	1	1/8		1/8	1	44												
6	6	47/2	47/2	0.5	1/4	1/4	Chord	9/8	1	1	1/8		1/8	1	45												
6	6	24	24	1.5	3/8	3/8	Chord	9/8	1	1	3/8		1/4	3/2	46												
6	6	51/2	51/2	1.5	3/4	3/4	Chord	9/8	1	1	3/8		1/4	3/2	47												
6	6	45/2	45/2	3.0	0	0	Chord	9/8	1	2	3/4		1/2	3/2	48												
6	6	51/2	51/2	1.5	3/4	3/4	Chord	9/8	1	2	3/8		1/4	3/2	49												
6	6	45/2	45/2	3.0	0	0	Chord	9/8	2	1	3/4		1/2	3/2	50									0			
6	6	51/2	51/2	1.5	3/4	3/4	Chord	9/8	2	1	3/8		1/4	3/2	51									0			
6	6	45/2	45/2	3.0	0	0	Chord	9/8	2	2	3/4		1/2	3/2	52												
6	6	51/2	51/2	1.5	3/4	3/4	Chord	9/8	2	2	3/8		1/4	3/2	53												
7	7	27	27	0.5	0	0	Chord	9/8	1	1	1/8		1/8	1	54												
7	7	55/2	55/2	0.5	1/8	1/8	Chord	9/8	1	1	1/8		1/8	1	55												
7	7	28	28	0.5	1/4	1/4	Chord	9/8	1	1	1/8		1/8	1	56												
7	7	57/2	57/2	0.5	3/8	3/8	Chord	9/8	1	1	1/8		1/8	1	57												
7	7	29	29	0.5	1/2	1/2	Chord	9/8	1	1	1/8		1/8	1	58												
7	7	59/2	59/2	0.5	5/8	5/8	Chord	9/8	1	1	1/8		1/8	1	59												
7	7	30	30	0.5	3/4	3/4	Chord	9/8	1	1	1/8		1/8	1	60												
7	7	61/2	61/2	0.5	7/8	7/8	Chord	9/8	1	1	1/8		1/8	1	61												
7	7	31	31	0.5	1	1	Chord	9/8	1	1	1/8		1/8	1	62												
7	7	27	27	3.0	0	0	Chord	9/8	1	2	3/4		1/2	3/2	63												
7	7	30	30	1.5	3/4	3/4	Chord	9/8	1	2	3/8		1/4	3/2	64												
7	7	27	27	3.0	0	0	Chord	9/8	2	1	3/4		1/2	3/2	65									0			
7	7	30	30	1.5	3/4	3/4	Chord	9/8	2	1	3/8		1/4	3/2	66									0			
7	7	27	27	3.0	0	0	Chord	9/8	2	2	3/4		1/2	3/2	67												
7	7	30	30	1.5	3/4	3/4	Chord	9/8	2	2	3/8		1/4	3/2	68												
8	8	63/2	63/2	0.5	0	0	Chord	9/8	1	1	1/8		1/8	1	69												
8	8	32	32	0.5	1/8	1/8	Chord	9/8	1	1	1/8		1/8	1	70												
8	8	65/2	65/2	0.5	1/4	1/4	Chord	9/8	1	1	1/8		1/8	1	71												
8	8	33	33	1.5	3/8	3/8	Chord	9/8	1	1	3/8		1/4	3/2	72												
8	8	69/2	69/2	1.5	3/4	3/4	Chord	9/8	1	1	3/8		1/4	3/2	73												
8	8	63/2	63/2	3.0	0	0	Chord	9/8	1	2	3/4		1/2	3/2	74												
8	8	69/2	69/2	1.5	3/4	3/4	Chord	9/8	1	2	3/8		1/4	3/2	75												
8	8	63/2	63/2	3.0	0	0	Chord	9/8	2	1	3/4		1/2	3/2	76									0			
8	8	69/2	69/2	1.5	3/4	3/4	Chord	9/8	2	1	3/8		1/4	3/2	77												
8	8	63/2	63/2	3.0	0	0	Chord	9/8	2	2	3/4		1/2	3/2	78												
8	8	69/2	69/2	0.75	3/4	3/4	Chord	9/8	2	2	3/16		1/8	3/2	79												
8	8	141/4	141/4	0.75	15/16	15/16	Chord	9/8	2	2	3/16		1/8	3/2	80												
9	9	75/2	75/2	1.5	3/8	3/8	Chord	9/8	1	1	3/8		1/4	3/2	81												
9	9	39	39	1.5	3/4	3/4	Chord	9/8	1	1	3/8		1/4	3/2	82												
9	9	36	36	0.5	0	0	Chord	9/8	2	1	1/8		1/8	1	83									1			
9	9	73/2	73/2	0.5	1/8	1/8	Chord	9/8	2	1	1/8		1/8	1	84									1			
9	9	37	37	0.5	1/4	1/4	Chord	9/8	2	1	1/8		1/8	1	85									1, 2			
9	9	75/2	75/2	3.0	3/8	3/8	Chord	9/8	2	1	3/4		1/2	3/2	86									2			
10	10	81/2	81/2	0.5	0	0	Chord	9/8	1	1	1/8		1/8	1	87												
10	10	41	41	0.5	1/8	1/8	Chord	9/8	1	1	1/8		1/8	1	88												
10	10	83/2	83/2	0.5	1/4	1/4	Chord	9/8	1	1	1/8		1/8	1	89												
10	10	42	42	3.0	3/8	3/8	Chord	9/8	1	1	3/4		1/2	3/2	90												
10	10	41	41	1.0	1/8	1/8	Chord	9/8	1	2	1/4		1/4	1	91												
10	10	42	42	3.0	3/8	3/8	Chord	9/8	1	2	3/4		1/2	3/2	92												
10	10	41	41	1.0	1/8	1/8	Chord	9/8	2	1	1/4		1/4	1	93									2			
10	10	42	42	3.0	3/8	3/8	Chord	9/8	2	1	3/4		1/2	3/2	94									2			
10	10	81/2	81/2	3.0	0	0	Chord	9/8	2	2	3/4		1/2	3/2	95												
11	11	45	45	0.5	0	0	Chord	9/8	1	1	1/8		1/8	1	96												
11	11	91/2	91/2	0.5	1/8	1/8	Chord	9/8	1	1	1/8		1/8	1	97												
11	11	46	46	0.5	1/4	1/4	Chord	9/8	1	1	1/8		1/8	1	98												
11	11	93/2	93/2	1.5	3/8	3/8	Chord	9/8	1	1	3/8		1/4	3/2	99												
11	11	48	48	1.5	3/4	3/4	Chord	9/8	1	1	3/8		1/4	3/2	100												
11	11	91/2	91/2	1.0	1/8	1/8	Chord	9/8	1	2	1/4		1/4	1	101												
11	11	93/2	93/2	1.5	3/8	3/8	Chord	9/8	1	2	3/8		1/4	3/2	102												
11	11	48	48	1.5	3/4	3/4	Chord	9/8	1	2	3/8		1/4	3/2	103												
11	11	91/2	91/2	1.0	1/8	1/8	Chord	9/8	2	1	1/4		1/4	1	104									2, 3			
11	11	93/2	93/2	1.5	3/8	3/8	Chord	9/8	2	1	3/8		1/4	3/2	105									2, 3			
11	11	48	48	1.5	3/4	3/4	Chord	9/8	2	1	3/8		1/4	3/2	106									2			
11	11	45	45	3.0	0	0	Chord	9/8	2	2	3/4		1/2	3/2	107												
12	12	99/2	99/2	0.5	0	0	Chord	9/8	1	1	1/8		1/8	1	108												
12	12	50	50	0.5	1/8	1/8	Chord	9/8	1	1	1/8		1/8	1	109												
12	12	101/2	101/2	0.5	1/4	1/4	Chord	9/8	1	1	1/8		1/8	1	110												
12	12	51	51	1.5	3/8	3/8	Chord	9/8	1	1	3/8		1/4	3/2	111												
12	12	105/2	105/2	1.5	3/4	3/4	Chord	9/8	1	1	3/8		1/4	3/2	112												
12	12	50	50	1.0	1/8	1/8	Chord	9/8	1	2	1/4		1/4	1	113												
12	12	51	51	3.0	3/8	3/8	Chord	9/8	1	2	3/4		1/2	3/2	114												
12	12	50	50	1.0	1/8	1/8	Chord	9/8	2	1	1/4		1/4	1	115									2			
12	12	51	51	3.0	3/8	3/8	Chord	9/8	2	1	3/4		1/2	3/2	116									2			
12	12	99/2	99/2	3.0	0	0	Chord	9/8	2	2	3/4		1/2	3/2	117												
13	13	54	54	0.5	0	0	Chord	9/8	1	1	1/8		1/8	1	118												
13	13	109/2	109/2	0.0	1/8	1/8	Spanner	9/8	1	1	0																0
13	13	109/2	109/2	0.5	1/8	1/8	Chord	9/8	1	1	1/8		1/8	1	119												0
13	13	55	55	0.5	1/4	1/4	Chord	9/8	1	1	1/8		1/8	1	120												0
13	13	111/2	111/2	0.0	3/8	3/8	Spanner	9/8	1	1	0																
13	13	111/2	111/2	0.75	3/8	3/8	Chord	9/8	1	1	3/16		1/8	3/2	121												
13	13	225/4	225/4	0.75	9/16	9/16	Chord	9/8	1	1	3/16		1/8	3/2	122												
13	13	57	57	0.75	3/4	3/4	Chord	9/8	1	1	3/16		1/8	3/2	123												
13	13	231/4	231/4	0.75	15/16	15/16	Chord	9/8	1	1	3/16		1/8	3/2	124												
13	13	109/2	109/2	1.0	1/8	1/8	Chord	9/8	1	2	1/4		1/4	1	125												
13	13	111/2	111/2	3.0	3/8	3/8	Chord	9/8	1	2	3/4		1/2	3/2	126												
13	13	109/2	109/2	1.0	1/8	1/8	Chord	9/8	2	1	1/4		1/4	1	127									2			
13	13	111/2	111/2	1.5	3/8	3/8	Chord	9/8	2	1	3/8		1/4	3/2	128									2			
13	13	57	57	0.5	3/4	3/4	Chord	9/8	2	1	1/8		1/8	1	129									2			
13	13	54	54	3.0	0	0	Chord	9/8	2	2	3/4		1/2	3/2	130												
13	13	57	57	1.5	3/4	3/4	Chord	9/8	2	2	3/8		1/4	3/2	131												
14	14	117/2	117/2	0.5	0	0	Chord	9/8	1	1	1/8		1/8	1	132												
14	14	59	59	0.5	1/8	1/8	Chord	9/8	1	1	1/8		1/8	1	133												
14	14	119/2	119/2	0.5	1/4	1/4	Chord	9/8	1	1	1/8		1/8	1	134												
14	14	60	60	0.75	3/8	3/8	Chord	9/8	1	1	3/16		1/8	3/2	135												
14	14	243/4	243/4	0.0	9/16	9/16	Spanner	9/8	1	1	0															0	
14	14	243/4	243/4	0.75	9/16	9/16	Chord	9/8	1	1	3/16		1/8	3/2	136											0	
14	14	123/2	123/2	0.75	3/4	3/4	Chord	9/8	1	1	3/16		1/8	3/2	137											0	
14	14	249/4	249/4	0.75	15/16	15/16	Chord	9/8	1	1	3/16		1/8	3/2	138											0	
14	14	59	59	1.0	1/8	1/8	Chord	9/8	1	2	1/4		1/4	1	139											0	
14	14	60	60	3.0	3/8	3/8	Chord	9/8	1	2	3/4		1/2	3/2	140											0	
14	14	59	59	1.0	1/8	1/8	Chord	9/8	2	1	1/4		1/4	1	141									2			
14	14	60	60	0.75	3/8	3/8	Chord	9/8	2	1	3/16		1/8	3/2	142									2			
14	14	243/4	243/4	0.75	9/16	9/16	Chord	9/8	2	1	3/16		1/8	3/2	143									2			
14	14	123/2	123/2	1.5	3/4	3/4	Chord	9/8	2	1	3/8		1/4	3/2	144									2			
14	14	59	59	1.0	1/8	1/8	Chord	9/8	2	2	1/4		1/4	1	145												
14	14	60	60	3.0	3/8	3/8	Chord	9/8	2	2	3/4		1/2	3/2	146												
14	14	117/2	117/2	3.0	0	0	Chord	9/8	2	3	3/4		1/2	3/2	147												
15	15	63	63	0.0	0	0	StaffText	9/8	1	1	0							Tempo rubato									
15	15	63	63	0.0	0	0	Dynamic	9/8	1	1	0					pp											
15	15	63	63	0.0	0	0	Spanner	9/8	1	1	0																
15	15	255/4	255/4	0.75	3/16	3/16	Chord	9/8	1	1	3/16		1/8	3/2	148		articTenutoAbove							4			
15	15	129/2	129/2	0.5	3/8	3/8	Chord	9/8	1	1	1/8		1/8	1	149									4			
15	15	65	65	0.5	1/2	1/2	Chord	9/8	1	1	1/8		1/8	1	150		articTenutoAbove							4			
15	15	131/2	131/2	0.5	5/8	5/8	Chord	9/8	1	1	1/8		1/8	1	151		articTenutoAbove							4			
15	15	66	66	0.5	3/4	3/4	Chord	9/8	1	1	1/8		1/8	1	152		articTenutoAbove							4			
15	15	133/2	133/2	0.5	7/8	7/8	Chord	9/8	1	1	1/8		1/8	1	153		articTenutoAbove							4			
15	15	67	67	0.5	1	1	Chord	9/8	1	1	1/8		1/8	1	154		articTenutoAbove							4			
15	15	255/4	255/4	0.75	3/16	3/16	Chord	9/8	2	1	3/16		1/8	3/2	155		articTenutoAbove							5			
15	15	129/2	129/2	0.5	3/8	3/8	Chord	9/8	2	1	1/8		1/8	1	156									5			
15	15	65	65	0.5	1/2	1/2	Chord	9/8	2	1	1/8		1/8	1	157		articTenutoAbove							5			
15	15	131/2	131/2	0.5	5/8	5/8	Chord	9/8	2	1	1/8		1/8	1	158		articTenutoAbove							5			
15	15	66	66	0.5	3/4	3/4	Chord	9/8	2	1	1/8		1/8	1	159		articTenutoBelow							5			
15	15	133/2	133/2	0.5	7/8	7/8	Chord	9/8	2	1	1/8		1/8	1	160		articTenutoBelow							5			
15	15	67	67	0.5	1	1	Chord	9/8	2	1	1/8		1/8	1	161		articTenutoBelow							5			
15	15	63	63	3.0	0	0	Chord	9/8	2	2	3/4		1/2	3/2	162												
16	16	135/2	135/2	0.5	0	0	Chord	9/8	1	1	1/8		1/8	1	163		articTenutoAbove							4			
16	16	68	68	0.5	1/8	1/8	Chord	9/8	1	1	1/8		1/8	1	164		articTenutoAbove							4			
16	16	137/2	137/2	0.5	1/4	1/4	Chord	9/8	1	1	1/8		1/8	1	165		articTenutoAbove							4			
16	16	69	69	0.75	3/8	3/8	Chord	9/8	1	1	3/16		1/8	3/2	166		articTenutoAbove							4			
16	16	279/4	279/4	0.75	9/16	9/16	Chord	9/8	1	1	3/16		1/8	3/2	167		articTenutoAbove							4			
16	16	141/2	141/2	1.5	3/4	3/4	Chord	9/8	1	1	3/8		1/4	3/2	168		articTenutoAbove										
16	16	135/2	135/2	0.5	0	0	Chord	9/8	2	1	1/8		1/8	1	169		articTenutoBelow							5			
16	16	68	68	0.5	1/8	1/8	Chord	9/8	2	1	1/8		1/8	1	170		articTenutoBelow							5			
16	16	137/2	137/2	0.5	1/4	1/4	Chord	9/8	2	1	1/8		1/8	1	171		articTenutoBelow							5			
16	16	69	69	0.75	3/8	3/8	Chord	9/8	2	1	3/16		1/8	3/2	172		articTenutoBelow							5			
16	16	279/4	279/4	0.75	9/16	9/16	Chord	9/8	2	1	3/16		1/8	3/2	173		articTenutoBelow							5			
16	16	141/2	141/2	1.5	3/4	3/4	Chord	9/8	2	1	3/8		1/4	3/2	174		articTenutoBelow										
17	17	291/4	291/4	0.75	3/16	3/16	Chord	9/8	1	1	3/16		1/8	3/2	175		articTenutoAbove							6			
17	17	147/2	147/2	0.5	3/8	3/8	Chord	9/8	1	1	1/8		1/8	1	176									6			
17	17	74	74	0.5	1/2	1/2	Chord	9/8	1	1	1/8		1/8	1	177									6			
17	17	149/2	149/2	0.5	5/8	5/8	Chord	9/8	1	1	1/8		1/8	1	178									6			
17	17	75	75	0.5	3/4	3/4	Chord	9/8	1	1	1/8		1/8	1	179									6			
17	17	151/2	151/2	0.5	7/8	7/8	Chord	9/8	1	1	1/8		1/8	1	180									6			
17	17	76	76	0.5	1	1	Chord	9/8	1	1	1/8		1/8	1	181									6			
17	17	291/4	291/4	0.75	3/16	3/16	Chord	9/8	2	1	3/16		1/8	3/2	182		articTenutoAbove										
17	17	147/2	147/2	0.5	3/8	3/8	Chord	9/8	2	1	1/8		1/8	1	183												
17	17	74	74	0.5	1/2	1/2	Chord	9/8	2	1	1/8		1/8	1	184												
17	17	149/2	149/2	0.5	5/8	5/8	Chord	9/8	2	1	1/8		1/8	1	185												
17	17	75	75	0.5	3/4	3/4	Chord	9/8	2	1	1/8		1/8	1	186												
17	17	151/2	151/2	0.5	7/8	7/8	Chord	9/8	2	1	1/8		1/8	1	187												
17	17	76	76	0.5	1	1	Chord	9/8	2	1	1/8		1/8	1	188												
17	17	72	72	3.0	0	0	Chord	9/8	2	2	3/4		1/2	3/2	189												
18	18	153/2	153/2	0.5	0	0	Chord	9/8	1	1	1/8		1/8	1	190									6			
18	18	77	77	0.5	1/8	1/8	Chord	9/8	1	1	1/8		1/8	1	191									6			
18	18	155/2	155/2	0.5	1/4	1/4	Chord	9/8	1	1	1/8		1/8	1	192									6			
18	18	78	78	0.75	3/8	3/8	Chord	9/8	1	1	3/16		1/8	3/2	193									6			
18	18	315/4	315/4	0.0	9/16	9/16	Chord	9/8	1	1	0	acciaccatura	1/8	3/2	194									6			
18	18	315/4	315/4	0.75	9/16	9/16	Chord	9/8	1	1	3/16		1/8	3/2	195									6			
18	18	159/2	159/2	1.5	3/4	3/4	Chord	9/8	1	1	3/8		1/4	3/2	196									6			
18	18	153/2	153/2	0.5	0	0	Chord	9/8	2	1	1/8		1/8	1	197												
18	18	77	77	0.5	1/8	1/8	Chord	9/8	2	1	1/8		1/8	1	198												
18	18	155/2	155/2	0.5	1/4	1/4	Chord	9/8	2	1	1/8		1/8	1	199												
18	18	78	78	0.75	3/8	3/8	Chord	9/8	2	1	3/16		1/8	3/2	200												
18	18	315/4	315/4	0.75	9/16	9/16	Chord	9/8	2	1	3/16		1/8	3/2	201												
18	18	159/2	159/2	1.5	3/4	3/4	Chord	9/8	2	1	3/8		1/4	3/2	202												
19	19	81	81	0.0	0	0	StaffText	9/8	1	1	0							peu √† peu cresc. et anim√©						6			
19	19	81	81	0.75	0	0	Chord	9/8	1	1	3/16		1/8	3/2	203									6			
19	19	327/4	327/4	0.75	3/16	3/16	Chord	9/8	1	1	3/16		1/8	3/2	204									6			
19	19	165/2	165/2	0.75	3/8	3/8	Chord	9/8	1	1	3/16		1/8	3/2	205									6			
19	19	333/4	333/4	0.75	9/16	9/16	Chord	9/8	1	1	3/16		1/8	3/2	206									6			
19	19	84	84	0.75	3/4	3/4	Chord	9/8	1	1	3/16		1/8	3/2	207									6			
19	19	339/4	339/4	0.75	15/16	15/16	Chord	9/8	1	1	3/16		1/8	3/2	208												
19	19	165/2	165/2	1.5	3/8	3/8	Chord	9/8	2	1	3/8		1/4	3/2	209												
19	19	84	84	1.5	3/4	3/4	Chord	9/8	2	1	3/8		1/4	3/2	210												
19	19	81	81	4.5	0	0	Chord	9/8	2	2	9/8		1/2	9/4	211												
19	19	327/4	327/4	0.75	3/16	3/16	Chord	9/8	2	3	3/16		1/8	3/2	212									7			
19	19	165/2	165/2	0.75	3/8	3/8	Chord	9/8	2	3	3/16		1/8	3/2	213									7			
19	19	333/4	333/4	0.75	9/16	9/16	Chord	9/8	2	3	3/16		1/8	3/2	214									7			
19	19	84	84	0.75	3/4	3/4	Chord	9/8	2	3	3/16		1/8	3/2	215									7			
19	19	339/4	339/4	0.75	15/16	15/16	Chord	9/8	2	3	3/16		1/8	3/2	216												
20	20	86	86	0.5	1/8	1/8	Chord	9/8	1	1	1/8		1/8	1	217		articTenutoAbove							8			
20	20	173/2	173/2	0.5	1/4	1/4	Chord	9/8	1	1	1/8		1/8	1	218		articTenutoAbove							8			
20	20	87	87	0.5	3/8	3/8	Chord	9/8	1	1	1/8		1/8	1	219		articTenutoAbove							8			
20	20	175/2	175/2	0.5	1/2	1/2	Chord	9/8	1	1	1/8		1/8	1	220		articTenutoAbove							8			
20	20	88	88	0.5	5/8	5/8	Chord	9/8	1	1	1/8		1/8	1	221		articTenutoAbove							8			
20	20	177/2	177/2	1.5	3/4	3/4	Chord	9/8	1	1	3/8		1/4	3/2	222		articTenutoAbove										
20	20	86	86	0.5	1/8	1/8	Chord	9/8	2	1	1/8		1/8	1	223		articTenutoBelow							9			
20	20	173/2	173/2	0.5	1/4	1/4	Chord	9/8	2	1	1/8		1/8	1	224		articTenutoBelow							9			
20	20	87	87	0.5	3/8	3/8	Chord	9/8	2	1	1/8		1/8	1	225		articTenutoBelow							9			
20	20	175/2	175/2	0.5	1/2	1/2	Chord	9/8	2	1	1/8		1/8	1	226		articTenutoBelow							9			
20	20	88	88	0.5	5/8	5/8	Chord	9/8	2	1	1/8		1/8	1	227		articTenutoBelow							9			
20	20	177/2	177/2	1.5	3/4	3/4	Chord	9/8	2	1	3/8		1/4	3/2	228		articTenutoAbove										
20	20	171/2	171/2	3.0	0	0	Chord	9/8	2	2	3/4		1/2	3/2	229												
21	21	363/4	363/4	0.75	3/16	3/16	Chord	9/8	1	1	3/16		1/8	3/2	230									10			
21	21	183/2	183/2	0.75	3/8	3/8	Chord	9/8	1	1	3/16		1/8	3/2	231									10			
21	21	369/4	369/4	0.75	9/16	9/16	Chord	9/8	1	1	3/16		1/8	3/2	232									10			
21	21	93	93	0.75	3/4	3/4	Chord	9/8	1	1	3/16		1/8	3/2	233									10			
21	21	375/4	375/4	0.75	15/16	15/16	Chord	9/8	1	1	3/16		1/8	3/2	234												
21	21	363/4	363/4	2.25	3/16	3/16	Chord	9/8	1	2	9/16		1/4	9/4	235												
21	21	93	93	1.5	3/4	3/4	Chord	9/8	1	2	3/8		1/4	3/2	236												
21	21	363/4	363/4	2.25	3/16	3/16	Chord	9/8	2	1	9/16		1/4	9/4	237												
21	21	93	93	1.5	3/4	3/4	Chord	9/8	2	1	3/8		1/4	3/2	238												
21	21	90	90	4.5	0	0	Chord	9/8	2	2	9/8		1/2	9/4	239												
21	21	363/4	363/4	0.75	3/16	3/16	Chord	9/8	2	3	3/16		1/8	3/2	240									11			
21	21	183/2	183/2	0.75	3/8	3/8	Chord	9/8	2	3	3/16		1/8	3/2	241									11			
21	21	369/4	369/4	0.75	9/16	9/16	Chord	9/8	2	3	3/16		1/8	3/2	242									11			
21	21	93	93	0.75	3/4	3/4	Chord	9/8	2	3	3/16		1/8	3/2	243									11			
21	21	375/4	375/4	0.75	15/16	15/16	Chord	9/8	2	3	3/16		1/8	3/2	244												
22	22	95	95	0.5	1/8	1/8	Chord	9/8	1	1	1/8		1/8	1	245		articTenutoAbove							12			
22	22	191/2	191/2	0.5	1/4	1/4	Chord	9/8	1	1	1/8		1/8	1	246		articTenutoAbove							12			
22	22	96	96	0.5	3/8	3/8	Chord	9/8	1	1	1/8		1/8	1	247		articTenutoAbove							12			
22	22	193/2	193/2	0.5	1/2	1/2	Chord	9/8	1	1	1/8		1/8	1	248		articTenutoAbove							12			
22	22	97	97	0.5	5/8	5/8	Chord	9/8	1	1	1/8		1/8	1	249		articTenutoAbove							12			
22	22	195/2	195/2	1.5	3/4	3/4	Chord	9/8	1	1	3/8		1/4	3/2	250		articTenutoAbove										
22	22	95	95	0.5	1/8	1/8	Chord	9/8	2	1	1/8		1/8	1	251		articTenutoAbove							13			
22	22	191/2	191/2	0.5	1/4	1/4	Chord	9/8	2	1	1/8		1/8	1	252		articTenutoAbove							13			
22	22	96	96	0.5	3/8	3/8	Chord	9/8	2	1	1/8		1/8	1	253		articTenutoAbove							13			
22	22	193/2	193/2	0.5	1/2	1/2	Chord	9/8	2	1	1/8		1/8	1	254		articTenutoAbove							13			
22	22	97	97	0.5	5/8	5/8	Chord	9/8	2	1	1/8		1/8	1	255		articTenutoAbove							13			
22	22	195/2	195/2	1.5	3/4	3/4	Chord	9/8	2	1	3/8		1/4	3/2	256		articTenutoAbove										
22	22	189/2	189/2	4.5	0	0	Chord	9/8	2	2	9/8		1/2	9/4	257												
23	23	399/4	399/4	0.75	3/16	3/16	Chord	9/8	1	1	3/16		1/8	3/2	258									14			
23	23	201/2	201/2	0.75	3/8	3/8	Chord	9/8	1	1	3/16		1/8	3/2	259									14			
23	23	405/4	405/4	0.75	9/16	9/16	Chord	9/8	1	1	3/16		1/8	3/2	260									14			
23	23	102	102	0.75	3/4	3/4	Chord	9/8	1	1	3/16		1/8	3/2	261									14			
23	23	411/4	411/4	0.75	15/16	15/16	Chord	9/8	1	1	3/16		1/8	3/2	262												
23	23	399/4	399/4	2.25	3/16	3/16	Chord	9/8	1	2	9/16		1/4	9/4	263												
23	23	102	102	1.5	3/4	3/4	Chord	9/8	1	2	3/8		1/4	3/2	264												
23	23	399/4	399/4	2.25	3/16	3/16	Chord	9/8	2	1	9/16		1/4	9/4	265												
23	23	102	102	1.5	3/4	3/4	Chord	9/8	2	1	3/8		1/4	3/2	266												
23	23	99	99	4.5	0	0	Chord	9/8	2	2	9/8		1/2	9/4	267												
23	23	399/4	399/4	0.75	3/16	3/16	Chord	9/8	2	3	3/16		1/8	3/2	268									15			
23	23	201/2	201/2	0.75	3/8	3/8	Chord	9/8	2	3	3/16		1/8	3/2	269									15			
23	23	405/4	405/4	0.75	9/16	9/16	Chord	9/8	2	3	3/16		1/8	3/2	270									15			
23	23	102	102	0.75	3/4	3/4	Chord	9/8	2	3	3/16		1/8	3/2	271									15			
23	23	411/4	411/4	0.75	15/16	15/16	Chord	9/8	2	3	3/16		1/8	3/2	272												
24	24	104	104	0.5	1/8	1/8	Chord	9/8	1	1	1/8		1/8	1	273									16			
24	24	209/2	209/2	0.5	1/4	1/4	Chord	9/8	1	1	1/8		1/8	1	274									16			
24	24	105	105	0.5	3/8	3/8	Chord	9/8	1	1	1/8		1/8	1	275									16			
24	24	211/2	211/2	0.5	1/2	1/2	Chord	9/8	1	1	1/8		1/8	1	276									16			
24	24	106	106	0.5	5/8	5/8	Chord	9/8	1	1	1/8		1/8	1	277									16			
24	24	213/2	213/2	0.5	3/4	3/4	Chord	9/8	1	1	1/8		1/8	1	278									16			
24	24	107	107	0.5	7/8	7/8	Chord	9/8	1	1	1/8		1/8	1	279									16			
24	24	215/2	215/2	0.5	1	1	Chord	9/8	1	1	1/8		1/8	1	280												
24	24	104	104	0.5	1/8	1/8	Chord	9/8	2	1	1/8		1/8	1	281									17			
24	24	209/2	209/2	0.5	1/4	1/4	Chord	9/8	2	1	1/8		1/8	1	282									17			
24	24	105	105	0.5	3/8	3/8	Chord	9/8	2	1	1/8		1/8	1	283									17			
24	24	211/2	211/2	0.5	1/2	1/2	Chord	9/8	2	1	1/8		1/8	1	284									17			
24	24	106	106	0.5	5/8	5/8	Chord	9/8	2	1	1/8		1/8	1	285									17			
24	24	213/2	213/2	0.5	3/4	3/4	Chord	9/8	2	1	1/8		1/8	1	286									17			
24	24	107	107	0.5	7/8	7/8	Chord	9/8	2	1	1/8		1/8	1	287									17			
24	24	215/2	215/2	0.5	1	1	Chord	9/8	2	1	1/8		1/8	1	288												
24	24	207/2	207/2	3.0	0	0	Chord	9/8	2	2	3/4		1/2	3/2	289												
25	25	108	108	0.0	0	0	StaffText	9/8	1	1	0							dim. molto									
25	25	108	108	0.0	0	0	Spanner	9/8	1	1	0														0		
25	25	108	108	3.0	0	0	Chord	9/8	1	1	3/4		1/2	3/2	290		articTenutoAbove								0		
25	25	111	111	1.5	3/4	3/4	Chord	9/8	1	1	3/8		1/4	3/2	291		articTenutoAbove								0		
25	25	108	108	3.0	0	0	Chord	9/8	2	1	3/4		1/2	3/2	292		articTenutoAbove							18			
25	25	111	111	1.5	3/4	3/4	Chord	9/8	2	1	3/8		1/4	3/2	293		articTenutoAbove							18			
26	26	225/2	225/2	3.0	0	0	Chord	9/8	1	1	3/4		1/2	3/2	294		articTenutoAbove								0		
26	26	231/2	231/2	0.0	3/4	3/4	Spanner	9/8	1	1	0																
26	26	231/2	231/2	1.5	3/4	3/4	Chord	9/8	1	1	3/8		1/4	3/2	295												
26	26	225/2	225/2	3.0	0	0	Chord	9/8	2	1	3/4		1/2	3/2	296		articTenutoBelow										
26	26	231/2	231/2	1.5	3/4	3/4	Chord	9/8	2	1	3/8		1/4	3/2	297												
27	27	117	117	0.0	0	0	StaffText	9/8	1	1	0							Un poco mosso									
27	27	117	117	0.0	0	0	Dynamic	9/8	1	1	0					pp											
27	27	117	117	3.0	0	0	Chord	9/8	1	1	3/4		1/2	3/2	298									19			
27	27	120	120	1.0	3/4	3/4	Chord	9/8	1	1	1/4		1/4	1	299									19			
27	27	121	121	0.5	1	1	Chord	9/8	1	1	1/8		1/8	1	300												
27	27	120	120	1.5	3/4	3/4	Chord	9/8	1	2	3/8		1/4	3/2	301												
27	27	117	117	0.25	0	0	Chord	9/8	2	1	1/16		1/16	1	302									20			
27	27	469/4	469/4	0.25	1/16	1/16	Chord	9/8	2	1	1/16		1/16	1	303									20			
27	27	235/2	235/2	0.25	1/8	1/8	Chord	9/8	2	1	1/16		1/16	1	304									20			
27	27	471/4	471/4	0.25	3/16	3/16	Chord	9/8	2	1	1/16		1/16	1	305									20			
27	27	118	118	0.25	1/4	1/4	Chord	9/8	2	1	1/16		1/16	1	306									20			
27	27	473/4	473/4	0.25	5/16	5/16	Chord	9/8	2	1	1/16		1/16	1	307												
27	27	237/2	237/2	0.25	3/8	3/8	Chord	9/8	2	1	1/16		1/16	1	308									21			
27	27	475/4	475/4	0.25	7/16	7/16	Chord	9/8	2	1	1/16		1/16	1	309									21			
27	27	119	119	0.25	1/2	1/2	Chord	9/8	2	1	1/16		1/16	1	310									21			
27	27	477/4	477/4	0.25	9/16	9/16	Chord	9/8	2	1	1/16		1/16	1	311									21			
27	27	239/2	239/2	0.25	5/8	5/8	Chord	9/8	2	1	1/16		1/16	1	312									21			
27	27	479/4	479/4	0.25	11/16	11/16	Chord	9/8	2	1	1/16		1/16	1	313												
27	27	120	120	0.25	3/4	3/4	Chord	9/8	2	1	1/16		1/16	1	314									22			
27	27	481/4	481/4	0.25	13/16	13/16	Chord	9/8	2	1	1/16		1/16	1	315									22			
27	27	241/2	241/2	0.25	7/8	7/8	Chord	9/8	2	1	1/16		1/16	1	316									22			
27	27	483/4	483/4	0.25	15/16	15/16	Chord	9/8	2	1	1/16		1/16	1	317									22			
27	27	121	121	0.25	1	1	Chord	9/8	2	1	1/16		1/16	1	318									22			
27	27	485/4	485/4	0.25	17/16	17/16	Chord	9/8	2	1	1/16		1/16	1	319												
27	27	117	117	1.5	0	0	Chord	9/8	2	2	3/8		1/4	3/2	320												
27	27	237/2	237/2	1.5	3/8	3/8	Chord	9/8	2	2	3/8		1/4	3/2	321												
27	27	120	120	1.5	3/4	3/4	Chord	9/8	2	2	3/8		1/4	3/2	322												
28	28	243/2	243/2	3.0	0	0	Chord	9/8	1	1	3/4		1/2	3/2	323									23			
28	28	249/2	249/2	1.0	3/4	3/4	Chord	9/8	1	1	1/4		1/4	1	324									23			
28	28	251/2	251/2	0.5	1	1	Chord	9/8	1	1	1/8		1/8	1	325												
28	28	243/2	243/2	0.25	0	0	Chord	9/8	2	1	1/16		1/16	1	326									24			
28	28	487/4	487/4	0.25	1/16	1/16	Chord	9/8	2	1	1/16		1/16	1	327									24			
28	28	122	122	0.25	1/8	1/8	Chord	9/8	2	1	1/16		1/16	1	328									24			
28	28	489/4	489/4	0.25	3/16	3/16	Chord	9/8	2	1	1/16		1/16	1	329									24			
28	28	245/2	245/2	0.25	1/4	1/4	Chord	9/8	2	1	1/16		1/16	1	330									24			
28	28	491/4	491/4	0.25	5/16	5/16	Chord	9/8	2	1	1/16		1/16	1	331												
28	28	123	123	0.25	3/8	3/8	Chord	9/8	2	1	1/16		1/16	1	332									25			
28	28	493/4	493/4	0.25	7/16	7/16	Chord	9/8	2	1	1/16		1/16	1	333									25			
28	28	247/2	247/2	0.25	1/2	1/2	Chord	9/8	2	1	1/16		1/16	1	334									25			
28	28	495/4	495/4	0.25	9/16	9/16	Chord	9/8	2	1	1/16		1/16	1	335									25			
28	28	124	124	0.25	5/8	5/8	Chord	9/8	2	1	1/16		1/16	1	336									25			
28	28	497/4	497/4	0.25	11/16	11/16	Chord	9/8	2	1	1/16		1/16	1	337												
28	28	249/2	249/2	0.25	3/4	3/4	Chord	9/8	2	1	1/16		1/16	1	338									26			
28	28	499/4	499/4	0.25	13/16	13/16	Chord	9/8	2	1	1/16		1/16	1	339									26			
28	28	125	125	0.25	7/8	7/8	Chord	9/8	2	1	1/16		1/16	1	340									26			
28	28	501/4	501/4	0.25	15/16	15/16	Chord	9/8	2	1	1/16		1/16	1	341									26			
28	28	251/2	251/2	0.25	1	1	Chord	9/8	2	1	1/16		1/16	1	342									26			
28	28	503/4	503/4	0.25	17/16	17/16	Chord	9/8	2	1	1/16		1/16	1	343												
28	28	243/2	243/2	1.5	0	0	Chord	9/8	2	2	3/8		1/4	3/2	344												
28	28	123	123	1.5	3/8	3/8	Chord	9/8	2	2	3/8		1/4	3/2	345												
28	28	249/2	249/2	1.5	3/4	3/4	Chord	9/8	2	2	3/8		1/4	3/2	346												
29	29	126	126	0.0	0	0	Spanner	9/8	1	1	0																1
29	29	126	126	1.0	0	0	Chord	9/8	1	1	1/4		1/4	1	347									27			1
29	29	127	127	0.5	1/4	1/4	Chord	9/8	1	1	1/8		1/8	1	348									27			1
29	29	255/2	255/2	1.5	3/8	3/8	Chord	9/8	1	1	3/8		1/4	3/2	349									27			1
29	29	129	129	1.0	3/4	3/4	Chord	9/8	1	1	1/4		1/4	1	350									27			1
29	29	130	130	0.5	1	1	Chord	9/8	1	1	1/8		1/8	1	351												1
29	29	126	126	0.25	0	0	Chord	9/8	2	1	1/16		1/16	1	352									28			
29	29	505/4	505/4	0.25	1/16	1/16	Chord	9/8	2	1	1/16		1/16	1	353									28			
29	29	253/2	253/2	0.25	1/8	1/8	Chord	9/8	2	1	1/16		1/16	1	354									28			
29	29	507/4	507/4	0.25	3/16	3/16	Chord	9/8	2	1	1/16		1/16	1	355									28			
29	29	127	127	0.25	1/4	1/4	Chord	9/8	2	1	1/16		1/16	1	356									28			
29	29	509/4	509/4	0.25	5/16	5/16	Chord	9/8	2	1	1/16		1/16	1	357									28			
29	29	255/2	255/2	0.25	3/8	3/8	Chord	9/8	2	1	1/16		1/16	1	358									28			
29	29	511/4	511/4	0.25	7/16	7/16	Chord	9/8	2	1	1/16		1/16	1	359									28			
29	29	128	128	0.25	1/2	1/2	Chord	9/8	2	1	1/16		1/16	1	360									28			
29	29	513/4	513/4	0.25	9/16	9/16	Chord	9/8	2	1	1/16		1/16	1	361									28			
29	29	257/2	257/2	0.25	5/8	5/8	Chord	9/8	2	1	1/16		1/16	1	362									28			
29	29	515/4	515/4	0.25	11/16	11/16	Chord	9/8	2	1	1/16		1/16	1	363									28			
29	29	129	129	0.25	3/4	3/4	Chord	9/8	2	1	1/16		1/16	1	364									28			
29	29	517/4	517/4	0.25	13/16	13/16	Chord	9/8	2	1	1/16		1/16	1	365									28			
29	29	259/2	259/2	0.25	7/8	7/8	Chord	9/8	2	1	1/16		1/16	1	366									28			
29	29	519/4	519/4	0.25	15/16	15/16	Chord	9/8	2	1	1/16		1/16	1	367									28			
29	29	130	130	0.25	1	1	Chord	9/8	2	1	1/16		1/16	1	368									28			
29	29	521/4	521/4	0.25	17/16	17/16	Chord	9/8	2	1	1/16		1/16	1	369												
30	30	261/2	261/2	0.0	0	0	Spanner	9/8	1	1	0																
30	30	261/2	261/2	0.5	0	0	Chord	9/8	1	1	1/8		1/8	1	370									29			
30	30	131	131	0.5	1/8	1/8	Chord	9/8	1	1	1/8		1/8	1	371									29			
30	30	263/2	263/2	0.5	1/4	1/4	Chord	9/8	1	1	1/8		1/8	1	372									29			
30	30	132	132	1.5	3/8	3/8	Chord	9/8	1	1	3/8		1/4	3/2	373												
30	30	132	132	0.5	3/8	3/8	Chord	9/8	1	2	1/8		1/8	1	374									30			
30	30	265/2	265/2	0.5	1/2	1/2	Chord	9/8	1	2	1/8		1/8	1	375									30			
30	30	133	133	0.5	5/8	5/8	Chord	9/8	1	2	1/8		1/8	1	376									30			
30	30	267/2	267/2	0.75	3/4	3/4	Chord	9/8	1	2	3/16		1/8	3/2	377									30			
30	30	537/4	537/4	0.75	15/16	15/16	Chord	9/8	1	2	3/16		1/8	3/2	378												
30	30	261/2	261/2	0.25	0	0	Chord	9/8	2	1	1/16		1/16	1	379									31			
30	30	523/4	523/4	0.25	1/16	1/16	Chord	9/8	2	1	1/16		1/16	1	380									31			
30	30	131	131	0.25	1/8	1/8	Chord	9/8	2	1	1/16		1/16	1	381									31			
30	30	525/4	525/4	0.25	3/16	3/16	Chord	9/8	2	1	1/16		1/16	1	382									31			
30	30	263/2	263/2	0.25	1/4	1/4	Chord	9/8	2	1	1/16		1/16	1	383									31			
30	30	527/4	527/4	0.25	5/16	5/16	Chord	9/8	2	1	1/16		1/16	1	384									31			
30	30	132	132	0.25	3/8	3/8	Chord	9/8	2	1	1/16		1/16	1	385									31			
30	30	529/4	529/4	0.25	7/16	7/16	Chord	9/8	2	1	1/16		1/16	1	386									31			
30	30	265/2	265/2	0.25	1/2	1/2	Chord	9/8	2	1	1/16		1/16	1	387									31			
30	30	531/4	531/4	0.25	9/16	9/16	Chord	9/8	2	1	1/16		1/16	1	388									31			
30	30	133	133	0.25	5/8	5/8	Chord	9/8	2	1	1/16		1/16	1	389									31			
30	30	533/4	533/4	0.25	11/16	11/16	Chord	9/8	2	1	1/16		1/16	1	390									31			
30	30	267/2	267/2	0.25	3/4	3/4	Chord	9/8	2	1	1/16		1/16	1	391									31			
30	30	535/4	535/4	0.25	13/16	13/16	Chord	9/8	2	1	1/16		1/16	1	392									31			
30	30	134	134	0.25	7/8	7/8	Chord	9/8	2	1	1/16		1/16	1	393									31			
30	30	537/4	537/4	0.25	15/16	15/16	Chord	9/8	2	1	1/16		1/16	1	394									31			
30	30	269/2	269/2	0.25	1	1	Chord	9/8	2	1	1/16		1/16	1	395									31			
30	30	539/4	539/4	0.25	17/16	17/16	Chord	9/8	2	1	1/16		1/16	1	396												
31	31	135	135	0.0	0	0	Dynamic	9/8	1	1	0					p											
31	31	135	135	3.0	0	0	Chord	9/8	1	1	3/4		1/2	3/2	397									32			
31	31	138	138	0.0	3/4	3/4	Spanner	9/8	1	1	0													32			2
31	31	138	138	1.5	3/4	3/4	Chord	9/8	1	1	3/8		1/4	3/2	398									32			2
31	31	139	139	0.0	1	1	Spanner	9/8	1	1	0																
31	31	139	139	0.25	1	1	Chord	9/8	1	2	1/16		1/16	1	399												
31	31	557/4	557/4	0.25	17/16	17/16	Chord	9/8	1	2	1/16		1/16	1	400												
31	31	139	139	0.5	1	1	Chord	9/8	1	3	1/8		1/8	1	401												
31	31	135	135	0.25	0	0	Chord	9/8	2	1	1/16		1/16	1	402									33			
31	31	541/4	541/4	0.25	1/16	1/16	Chord	9/8	2	1	1/16		1/16	1	403									33			
31	31	271/2	271/2	0.25	1/8	1/8	Chord	9/8	2	1	1/16		1/16	1	404									33			
31	31	543/4	543/4	0.25	3/16	3/16	Chord	9/8	2	1	1/16		1/16	1	405									33			
31	31	136	136	0.25	1/4	1/4	Chord	9/8	2	1	1/16		1/16	1	406									33			
31	31	545/4	545/4	0.25	5/16	5/16	Chord	9/8	2	1	1/16		1/16	1	407												
31	31	273/2	273/2	0.25	3/8	3/8	Chord	9/8	2	1	1/16		1/16	1	408									34			
31	31	547/4	547/4	0.25	7/16	7/16	Chord	9/8	2	1	1/16		1/16	1	409									34			
31	31	137	137	0.25	1/2	1/2	Chord	9/8	2	1	1/16		1/16	1	410									34			
31	31	549/4	549/4	0.25	9/16	9/16	Chord	9/8	2	1	1/16		1/16	1	411									34			
31	31	275/2	275/2	0.25	5/8	5/8	Chord	9/8	2	1	1/16		1/16	1	412									34			
31	31	551/4	551/4	0.25	11/16	11/16	Chord	9/8	2	1	1/16		1/16	1	413												
31	31	138	138	0.25	3/4	3/4	Chord	9/8	2	1	1/16		1/16	1	414									35			
31	31	553/4	553/4	0.25	13/16	13/16	Chord	9/8	2	1	1/16		1/16	1	415									35			
31	31	277/2	277/2	0.25	7/8	7/8	Chord	9/8	2	1	1/16		1/16	1	416									35			
31	31	555/4	555/4	0.25	15/16	15/16	Chord	9/8	2	1	1/16		1/16	1	417									35			
31	31	139	139	0.5	1	1	Chord	9/8	2	1	1/8		1/8	1	418												
31	31	135	135	1.5	0	0	Chord	9/8	2	2	3/8		1/4	3/2	419												
31	31	273/2	273/2	1.5	3/8	3/8	Chord	9/8	2	2	3/8		1/4	3/2	420												
31	31	138	138	1.5	3/4	3/4	Chord	9/8	2	2	3/8		1/4	3/2	421												
32	32	279/2	279/2	0.0	0	0	Dynamic	9/8	1	1	0					p											
32	32	279/2	279/2	3.0	0	0	Chord	9/8	1	1	3/4		1/2	3/2	422									36			
32	32	285/2	285/2	0.0	3/4	3/4	Spanner	9/8	1	1	0													36			3
32	32	285/2	285/2	1.0	3/4	3/4	Chord	9/8	1	1	1/4		1/4	1	423									36			3
32	32	287/2	287/2	0.0	1	1	Spanner	9/8	1	1	0																
32	32	287/2	287/2	0.5	1	1	Chord	9/8	1	1	1/8		1/8	1	424												
32	32	287/2	287/2	0.25	1	1	Chord	9/8	1	2	1/16		1/16	1	425												
32	32	575/4	575/4	0.25	17/16	17/16	Chord	9/8	1	2	1/16		1/16	1	426												
32	32	279/2	279/2	0.25	0	0	Chord	9/8	2	1	1/16		1/16	1	427									37			
32	32	559/4	559/4	0.25	1/16	1/16	Chord	9/8	2	1	1/16		1/16	1	428									37			
32	32	140	140	0.25	1/8	1/8	Chord	9/8	2	1	1/16		1/16	1	429									37			
32	32	561/4	561/4	0.25	3/16	3/16	Chord	9/8	2	1	1/16		1/16	1	430									37			
32	32	281/2	281/2	0.25	1/4	1/4	Chord	9/8	2	1	1/16		1/16	1	431									37			
32	32	563/4	563/4	0.25	5/16	5/16	Chord	9/8	2	1	1/16		1/16	1	432												
32	32	141	141	0.25	3/8	3/8	Chord	9/8	2	1	1/16		1/16	1	433									38			
32	32	565/4	565/4	0.25	7/16	7/16	Chord	9/8	2	1	1/16		1/16	1	434									38			
32	32	283/2	283/2	0.25	1/2	1/2	Chord	9/8	2	1	1/16		1/16	1	435									38			
32	32	567/4	567/4	0.25	9/16	9/16	Chord	9/8	2	1	1/16		1/16	1	436									38			
32	32	142	142	0.25	5/8	5/8	Chord	9/8	2	1	1/16		1/16	1	437									38			
32	32	569/4	569/4	0.25	11/16	11/16	Chord	9/8	2	1	1/16		1/16	1	438												
32	32	285/2	285/2	0.25	3/4	3/4	Chord	9/8	2	1	1/16		1/16	1	439									39			
32	32	571/4	571/4	0.25	13/16	13/16	Chord	9/8	2	1	1/16		1/16	1	440									39			
32	32	143	143	0.25	7/8	7/8	Chord	9/8	2	1	1/16		1/16	1	441									39			
32	32	573/4	573/4	0.25	15/16	15/16	Chord	9/8	2	1	1/16		1/16	1	442									39			
32	32	287/2	287/2	0.5	1	1	Chord	9/8	2	1	1/8		1/8	1	443												
32	32	279/2	279/2	1.5	0	0	Chord	9/8	2	2	3/8		1/4	3/2	444												
32	32	141	141	1.5	3/8	3/8	Chord	9/8	2	2	3/8		1/4	3/2	445												
32	32	285/2	285/2	1.5	3/4	3/4	Chord	9/8	2	2	3/8		1/4	3/2	446												
33	33	144	144	1.5	0	0	Chord	9/8	1	1	3/8		1/4	3/2	447									40			
33	33	291/2	291/2	0.75	3/8	3/8	Chord	9/8	1	1	3/16		1/4	3/4	448									40			
33	33	585/4	585/4	0.75	9/16	9/16	Chord	9/8	1	1	3/16		1/4	3/4	449									40			
33	33	147	147	0.75	3/4	3/4	Chord	9/8	1	1	3/16		1/4	3/4	450									40			
33	33	591/4	591/4	0.75	15/16	15/16	Chord	9/8	1	1	3/16		1/4	3/4	451									40			
33	33	291/2	291/2	0.25	3/8	3/8	Chord	9/8	1	2	1/16		1/8	1/2	452												
33	33	583/4	583/4	0.25	7/16	7/16	Chord	9/8	1	2	1/16		1/8	1/2	453												
33	33	146	146	0.25	1/2	1/2	Chord	9/8	1	2	1/16		1/8	1/2	454												
33	33	585/4	585/4	0.25	9/16	9/16	Chord	9/8	1	2	1/16		1/8	1/2	455												
33	33	293/2	293/2	0.25	5/8	5/8	Chord	9/8	1	2	1/16		1/8	1/2	456												
33	33	587/4	587/4	0.25	11/16	11/16	Chord	9/8	1	2	1/16		1/8	1/2	457												
33	33	147	147	0.25	3/4	3/4	Chord	9/8	1	2	1/16		1/8	1/2	458												
33	33	589/4	589/4	0.25	13/16	13/16	Chord	9/8	1	2	1/16		1/8	1/2	459												
33	33	295/2	295/2	0.25	7/8	7/8	Chord	9/8	1	2	1/16		1/8	1/2	460												
33	33	591/4	591/4	0.25	15/16	15/16	Chord	9/8	1	2	1/16		1/8	1/2	461												
33	33	148	148	0.25	1	1	Chord	9/8	1	2	1/16		1/8	1/2	462												
33	33	593/4	593/4	0.25	17/16	17/16	Chord	9/8	1	2	1/16		1/8	1/2	463												
33	33	144	144	0.25	0	0	Chord	9/8	2	1	1/16		1/16	1	464									41			
33	33	577/4	577/4	0.25	1/16	1/16	Chord	9/8	2	1	1/16		1/16	1	465									41			
33	33	289/2	289/2	0.25	1/8	1/8	Chord	9/8	2	1	1/16		1/16	1	466									41			
33	33	579/4	579/4	0.25	3/16	3/16	Chord	9/8	2	1	1/16		1/16	1	467									41			
33	33	145	145	0.25	1/4	1/4	Chord	9/8	2	1	1/16		1/16	1	468									41			
33	33	581/4	581/4	0.25	5/16	5/16	Chord	9/8	2	1	1/16		1/16	1	469												
33	33	291/2	291/2	0.75	3/8	3/8	Chord	9/8	2	1	3/16		1/4	3/4	470									42			
33	33	585/4	585/4	0.75	9/16	9/16	Chord	9/8	2	1	3/16		1/4	3/4	471									42			
33	33	147	147	0.75	3/4	3/4	Chord	9/8	2	1	3/16		1/4	3/4	472									42			
33	33	591/4	591/4	0.75	15/16	15/16	Chord	9/8	2	1	3/16		1/4	3/4	473												
33	33	144	144	1.5	0	0	Chord	9/8	2	2	3/8		1/4	3/2	474												
34	34	297/2	297/2	3.0	0	0	Chord	9/8	1	1	3/4		1/2	3/2	475									40			
34	34	303/2	303/2	1.5	3/4	3/4	Chord	9/8	1	1	3/8		1/4	3/2	476												
34	34	297/2	297/2	0.25	0	0	Chord	9/8	2	1	1/16		1/16	1	477									43			
34	34	595/4	595/4	0.25	1/16	1/16	Chord	9/8	2	1	1/16		1/16	1	478									43			
34	34	149	149	0.25	1/8	1/8	Chord	9/8	2	1	1/16		1/16	1	479									43			
34	34	597/4	597/4	0.25	3/16	3/16	Chord	9/8	2	1	1/16		1/16	1	480									43			
34	34	299/2	299/2	0.25	1/4	1/4	Chord	9/8	2	1	1/16		1/16	1	481									43			
34	34	599/4	599/4	0.25	5/16	5/16	Chord	9/8	2	1	1/16		1/16	1	482												
34	34	150	150	0.25	3/8	3/8	Chord	9/8	2	1	1/16		1/16	1	483									44			
34	34	601/4	601/4	0.25	7/16	7/16	Chord	9/8	2	1	1/16		1/16	1	484									44			
34	34	301/2	301/2	0.25	1/2	1/2	Chord	9/8	2	1	1/16		1/16	1	485									44			
34	34	603/4	603/4	0.25	9/16	9/16	Chord	9/8	2	1	1/16		1/16	1	486									44			
34	34	151	151	0.25	5/8	5/8	Chord	9/8	2	1	1/16		1/16	1	487									44			
34	34	605/4	605/4	0.25	11/16	11/16	Chord	9/8	2	1	1/16		1/16	1	488												
34	34	303/2	303/2	0.25	3/4	3/4	Chord	9/8	2	1	1/16		1/16	1	489									45			
34	34	607/4	607/4	0.25	13/16	13/16	Chord	9/8	2	1	1/16		1/16	1	490									45			
34	34	152	152	0.25	7/8	7/8	Chord	9/8	2	1	1/16		1/16	1	491									45			
34	34	609/4	609/4	0.25	15/16	15/16	Chord	9/8	2	1	1/16		1/16	1	492									45			
34	34	305/2	305/2	0.25	1	1	Chord	9/8	2	1	1/16		1/16	1	493									45			
34	34	611/4	611/4	0.25	17/16	17/16	Chord	9/8	2	1	1/16		1/16	1	494												
34	34	297/2	297/2	1.5	0	0	Chord	9/8	2	2	3/8		1/4	3/2	495												
34	34	150	150	1.5	3/8	3/8	Chord	9/8	2	2	3/8		1/4	3/2	496												
34	34	303/2	303/2	1.5	3/4	3/4	Chord	9/8	2	2	3/8		1/4	3/2	497												
35	35	153	153	0.0	0	0	StaffText	9/8	1	1	0							cresc.									
35	35	153	153	3.0	0	0	Chord	9/8	1	1	3/4		1/2	3/2	498									46			
35	35	156	156	1.0	3/4	3/4	Chord	9/8	1	1	1/4		1/4	1	499									46			
35	35	157	157	0.5	1	1	Chord	9/8	1	1	1/8		1/8	1	500												
35	35	153	153	0.25	0	0	Chord	9/8	2	1	1/16		1/16	1	501									47			
35	35	613/4	613/4	0.25	1/16	1/16	Chord	9/8	2	1	1/16		1/16	1	502									47			
35	35	307/2	307/2	0.25	1/8	1/8	Chord	9/8	2	1	1/16		1/16	1	503									47			
35	35	615/4	615/4	0.25	3/16	3/16	Chord	9/8	2	1	1/16		1/16	1	504									47			
35	35	154	154	0.25	1/4	1/4	Chord	9/8	2	1	1/16		1/16	1	505									47			
35	35	617/4	617/4	0.25	5/16	5/16	Chord	9/8	2	1	1/16		1/16	1	506												
35	35	309/2	309/2	0.25	3/8	3/8	Chord	9/8	2	1	1/16		1/16	1	507									48			
35	35	619/4	619/4	0.25	7/16	7/16	Chord	9/8	2	1	1/16		1/16	1	508									48			
35	35	155	155	0.25	1/2	1/2	Chord	9/8	2	1	1/16		1/16	1	509									48			
35	35	621/4	621/4	0.25	9/16	9/16	Chord	9/8	2	1	1/16		1/16	1	510									48			
35	35	311/2	311/2	0.25	5/8	5/8	Chord	9/8	2	1	1/16		1/16	1	511									48			
35	35	623/4	623/4	0.25	11/16	11/16	Chord	9/8	2	1	1/16		1/16	1	512												
35	35	156	156	0.25	3/4	3/4	Chord	9/8	2	1	1/16		1/16	1	513									49			
35	35	625/4	625/4	0.25	13/16	13/16	Chord	9/8	2	1	1/16		1/16	1	514									49			
35	35	313/2	313/2	0.25	7/8	7/8	Chord	9/8	2	1	1/16		1/16	1	515									49			
35	35	627/4	627/4	0.25	15/16	15/16	Chord	9/8	2	1	1/16		1/16	1	516									49			
35	35	157	157	0.25	1	1	Chord	9/8	2	1	1/16		1/16	1	517									49			
35	35	629/4	629/4	0.25	17/16	17/16	Chord	9/8	2	1	1/16		1/16	1	518												
35	35	153	153	1.5	0	0	Chord	9/8	2	2	3/8		1/4	3/2	519												
35	35	309/2	309/2	1.5	3/8	3/8	Chord	9/8	2	2	3/8		1/4	3/2	520												
35	35	156	156	1.5	3/4	3/4	Chord	9/8	2	2	3/8		1/4	3/2	521												
36	36	315/2	315/2	3.0	0	0	Chord	9/8	1	1	3/4		1/2	3/2	522									50			
36	36	321/2	321/2	1.0	3/4	3/4	Chord	9/8	1	1	1/4		1/4	1	523									50			
36	36	323/2	323/2	0.5	1	1	Chord	9/8	1	1	1/8		1/8	1	524												
36	36	315/2	315/2	0.25	0	0	Chord	9/8	2	1	1/16		1/16	1	525									51			
36	36	631/4	631/4	0.25	1/16	1/16	Chord	9/8	2	1	1/16		1/16	1	526									51			
36	36	158	158	0.25	1/8	1/8	Chord	9/8	2	1	1/16		1/16	1	527									51			
36	36	633/4	633/4	0.25	3/16	3/16	Chord	9/8	2	1	1/16		1/16	1	528									51			
36	36	317/2	317/2	0.25	1/4	1/4	Chord	9/8	2	1	1/16		1/16	1	529									51			
36	36	635/4	635/4	0.25	5/16	5/16	Chord	9/8	2	1	1/16		1/16	1	530												
36	36	159	159	0.25	3/8	3/8	Chord	9/8	2	1	1/16		1/16	1	531									52			
36	36	637/4	637/4	0.25	7/16	7/16	Chord	9/8	2	1	1/16		1/16	1	532									52			
36	36	319/2	319/2	0.25	1/2	1/2	Chord	9/8	2	1	1/16		1/16	1	533									52			
36	36	639/4	639/4	0.25	9/16	9/16	Chord	9/8	2	1	1/16		1/16	1	534									52			
36	36	160	160	0.25	5/8	5/8	Chord	9/8	2	1	1/16		1/16	1	535									52			
36	36	641/4	641/4	0.25	11/16	11/16	Chord	9/8	2	1	1/16		1/16	1	536												
36	36	321/2	321/2	0.25	3/4	3/4	Chord	9/8	2	1	1/16		1/16	1	537									53			
36	36	643/4	643/4	0.25	13/16	13/16	Chord	9/8	2	1	1/16		1/16	1	538									53			
36	36	161	161	0.25	7/8	7/8	Chord	9/8	2	1	1/16		1/16	1	539									53			
36	36	645/4	645/4	0.25	15/16	15/16	Chord	9/8	2	1	1/16		1/16	1	540									53			
36	36	323/2	323/2	0.25	1	1	Chord	9/8	2	1	1/16		1/16	1	541									53			
36	36	647/4	647/4	0.25	17/16	17/16	Chord	9/8	2	1	1/16		1/16	1	542												
36	36	315/2	315/2	1.5	0	0	Chord	9/8	2	2	3/8		1/4	3/2	543												
36	36	159	159	1.5	3/8	3/8	Chord	9/8	2	2	3/8		1/4	3/2	544												
36	36	321/2	321/2	1.5	3/4	3/4	Chord	9/8	2	2	3/8		1/4	3/2	545												
37	37	162	162	0.0	0	0	StaffText	9/8	1	1	0							En animant									
37	37	162	162	1.0	0	0	Chord	9/8	1	1	1/4		1/4	1	546									54			
37	37	163	163	0.5	1/4	1/4	Chord	9/8	1	1	1/8		1/8	1	547												
37	37	327/2	327/2	1.0	3/8	3/8	Chord	9/8	1	1	1/4		1/4	1	548									55			
37	37	329/2	329/2	0.5	5/8	5/8	Chord	9/8	1	1	1/8		1/8	1	549												
37	37	165	165	1.0	3/4	3/4	Chord	9/8	1	1	1/4		1/4	1	550									56			
37	37	166	166	0.5	1	1	Chord	9/8	1	1	1/8		1/8	1	551												
37	37	162	162	0.75	0	0	Chord	9/8	1	2	3/16		1/8	3/2	552												
37	37	651/4	651/4	0.0	3/16	3/16	StaffText	9/8	1	2	0							pi√π cresc.									
37	37	651/4	651/4	0.25	3/16	3/16	Chord	9/8	1	2	1/16		1/16	1	553												
37	37	163	163	0.25	1/4	1/4	Chord	9/8	1	2	1/16		1/16	1	554												
37	37	653/4	653/4	0.25	5/16	5/16	Chord	9/8	1	2	1/16		1/16	1	555												
37	37	327/2	327/2	0.75	3/8	3/8	Chord	9/8	1	2	3/16		1/8	3/2	556												
37	37	657/4	657/4	0.25	9/16	9/16	Chord	9/8	1	2	1/16		1/16	1	557												
37	37	329/2	329/2	0.25	5/8	5/8	Chord	9/8	1	2	1/16		1/16	1	558												
37	37	659/4	659/4	0.25	11/16	11/16	Chord	9/8	1	2	1/16		1/16	1	559												
37	37	165	165	0.75	3/4	3/4	Chord	9/8	1	2	3/16		1/8	3/2	560												
37	37	663/4	663/4	0.25	15/16	15/16	Chord	9/8	1	2	1/16		1/16	1	561												
37	37	166	166	0.25	1	1	Chord	9/8	1	2	1/16		1/16	1	562												
37	37	665/4	665/4	0.25	17/16	17/16	Chord	9/8	1	2	1/16		1/16	1	563												
37	37	162	162	0.25	0	0	Chord	9/8	2	1	1/16		1/16	1	564									57			
37	37	649/4	649/4	0.25	1/16	1/16	Chord	9/8	2	1	1/16		1/16	1	565									57			
37	37	325/2	325/2	0.25	1/8	1/8	Chord	9/8	2	1	1/16		1/16	1	566									57			
37	37	651/4	651/4	0.75	3/16	3/16	Chord	9/8	2	1	3/16		1/8	3/2	567												
37	37	327/2	327/2	0.25	3/8	3/8	Chord	9/8	2	1	1/16		1/16	1	568									58			
37	37	655/4	655/4	0.25	7/16	7/16	Chord	9/8	2	1	1/16		1/16	1	569									58			
37	37	164	164	0.25	1/2	1/2	Chord	9/8	2	1	1/16		1/16	1	570									58			
37	37	657/4	657/4	0.75	9/16	9/16	Chord	9/8	2	1	3/16		1/8	3/2	571												
37	37	165	165	0.25	3/4	3/4	Chord	9/8	2	1	1/16		1/16	1	572									59			
37	37	661/4	661/4	0.25	13/16	13/16	Chord	9/8	2	1	1/16		1/16	1	573									59			
37	37	331/2	331/2	0.25	7/8	7/8	Chord	9/8	2	1	1/16		1/16	1	574									59			
37	37	663/4	663/4	0.75	15/16	15/16	Chord	9/8	2	1	3/16		1/8	3/2	575												
37	37	162	162	1.5	0	0	Chord	9/8	2	2	3/8		1/4	3/2	576												
37	37	327/2	327/2	1.5	3/8	3/8	Chord	9/8	2	2	3/8		1/4	3/2	577												
37	37	165	165	1.5	3/4	3/4	Chord	9/8	2	2	3/8		1/4	3/2	578												
38	38	333/2	333/2	1.5	0	0	Chord	9/8	1	1	3/8		1/4	3/2	579									60			
38	38	168	168	3.0	3/8	3/8	Chord	9/8	1	1	3/4		1/2	3/2	580												
38	38	333/2	333/2	0.25	0	0	Chord	9/8	2	1	1/16		1/16	1	581									61			
38	38	667/4	667/4	0.25	1/16	1/16	Chord	9/8	2	1	1/16		1/16	1	582									61			
38	38	167	167	0.25	1/8	1/8	Chord	9/8	2	1	1/16		1/16	1	583									61			
38	38	669/4	669/4	0.25	3/16	3/16	Chord	9/8	2	1	1/16		1/16	1	584									61			
38	38	335/2	335/2	0.25	1/4	1/4	Chord	9/8	2	1	1/16		1/16	1	585									61			
38	38	671/4	671/4	0.25	5/16	5/16	Chord	9/8	2	1	1/16		1/16	1	586												
38	38	168	168	0.25	3/8	3/8	Chord	9/8	2	1	1/16		1/16	1	587									62			
38	38	673/4	673/4	0.25	7/16	7/16	Chord	9/8	2	1	1/16		1/16	1	588									62			
38	38	337/2	337/2	0.25	1/2	1/2	Chord	9/8	2	1	1/16		1/16	1	589									62			
38	38	675/4	675/4	0.25	9/16	9/16	Chord	9/8	2	1	1/16		1/16	1	590									62			
38	38	169	169	0.25	5/8	5/8	Chord	9/8	2	1	1/16		1/16	1	591									62			
38	38	677/4	677/4	0.25	11/16	11/16	Chord	9/8	2	1	1/16		1/16	1	592												
38	38	339/2	339/2	0.25	3/4	3/4	Chord	9/8	2	1	1/16		1/16	1	593									63			
38	38	679/4	679/4	0.25	13/16	13/16	Chord	9/8	2	1	1/16		1/16	1	594									63			
38	38	170	170	0.25	7/8	7/8	Chord	9/8	2	1	1/16		1/16	1	595									63			
38	38	681/4	681/4	0.25	15/16	15/16	Chord	9/8	2	1	1/16		1/16	1	596									63			
38	38	341/2	341/2	0.25	1	1	Chord	9/8	2	1	1/16		1/16	1	597									63			
38	38	683/4	683/4	0.25	17/16	17/16	Chord	9/8	2	1	1/16		1/16	1	598												
38	38	333/2	333/2	1.5	0	0	Chord	9/8	2	2	3/8		1/4	3/2	599												
38	38	168	168	1.5	3/8	3/8	Chord	9/8	2	2	3/8		1/4	3/2	600												
38	38	339/2	339/2	1.5	3/4	3/4	Chord	9/8	2	2	3/8		1/4	3/2	601												
39	39	171	171	3.0	0	0	Chord	9/8	1	1	3/4		1/2	3/2	602									64			
39	39	174	174	1.0	3/4	3/4	Chord	9/8	1	1	1/4		1/4	1	603									64			
39	39	175	175	0.5	1	1	Chord	9/8	1	1	1/8		1/8	1	604												
39	39	171	171	0.25	0	0	Chord	9/8	2	1	1/16		1/16	1	605									65			
39	39	685/4	685/4	0.25	1/16	1/16	Chord	9/8	2	1	1/16		1/16	1	606									65			
39	39	343/2	343/2	0.25	1/8	1/8	Chord	9/8	2	1	1/16		1/16	1	607									65			
39	39	687/4	687/4	0.25	3/16	3/16	Chord	9/8	2	1	1/16		1/16	1	608									65			
39	39	172	172	0.25	1/4	1/4	Chord	9/8	2	1	1/16		1/16	1	609									65			
39	39	689/4	689/4	0.25	5/16	5/16	Chord	9/8	2	1	1/16		1/16	1	610												
39	39	345/2	345/2	0.25	3/8	3/8	Chord	9/8	2	1	1/16		1/16	1	611									66			
39	39	691/4	691/4	0.25	7/16	7/16	Chord	9/8	2	1	1/16		1/16	1	612									66			
39	39	173	173	0.25	1/2	1/2	Chord	9/8	2	1	1/16		1/16	1	613									66			
39	39	693/4	693/4	0.25	9/16	9/16	Chord	9/8	2	1	1/16		1/16	1	614									66			
39	39	347/2	347/2	0.25	5/8	5/8	Chord	9/8	2	1	1/16		1/16	1	615									66			
39	39	695/4	695/4	0.25	11/16	11/16	Chord	9/8	2	1	1/16		1/16	1	616												
39	39	174	174	0.25	3/4	3/4	Chord	9/8	2	1	1/16		1/16	1	617									67			
39	39	697/4	697/4	0.25	13/16	13/16	Chord	9/8	2	1	1/16		1/16	1	618									67			
39	39	349/2	349/2	0.25	7/8	7/8	Chord	9/8	2	1	1/16		1/16	1	619									67			
39	39	699/4	699/4	0.25	15/16	15/16	Chord	9/8	2	1	1/16		1/16	1	620									67			
39	39	175	175	0.25	1	1	Chord	9/8	2	1	1/16		1/16	1	621									67			
39	39	701/4	701/4	0.25	17/16	17/16	Chord	9/8	2	1	1/16		1/16	1	622												
39	39	171	171	1.5	0	0	Chord	9/8	2	2	3/8		1/4	3/2	623												
39	39	345/2	345/2	1.5	3/8	3/8	Chord	9/8	2	2	3/8		1/4	3/2	624												
39	39	174	174	1.5	3/4	3/4	Chord	9/8	2	2	3/8		1/4	3/2	625												
40	40	351/2	351/2	3.0	0	0	Chord	9/8	1	1	3/4		1/2	3/2	626									68			
40	40	357/2	357/2	1.0	3/4	3/4	Chord	9/8	1	1	1/4		1/4	1	627									68			
40	40	359/2	359/2	0.5	1	1	Chord	9/8	1	1	1/8		1/8	1	628												
40	40	351/2	351/2	0.25	0	0	Chord	9/8	2	1	1/16		1/16	1	629									69			
40	40	703/4	703/4	0.25	1/16	1/16	Chord	9/8	2	1	1/16		1/16	1	630									69			
40	40	176	176	0.25	1/8	1/8	Chord	9/8	2	1	1/16		1/16	1	631									69			
40	40	705/4	705/4	0.25	3/16	3/16	Chord	9/8	2	1	1/16		1/16	1	632									69			
40	40	353/2	353/2	0.25	1/4	1/4	Chord	9/8	2	1	1/16		1/16	1	633									69			
40	40	707/4	707/4	0.25	5/16	5/16	Chord	9/8	2	1	1/16		1/16	1	634												
40	40	177	177	0.25	3/8	3/8	Chord	9/8	2	1	1/16		1/16	1	635									70			
40	40	709/4	709/4	0.25	7/16	7/16	Chord	9/8	2	1	1/16		1/16	1	636									70			
40	40	355/2	355/2	0.25	1/2	1/2	Chord	9/8	2	1	1/16		1/16	1	637									70			
40	40	711/4	711/4	0.25	9/16	9/16	Chord	9/8	2	1	1/16		1/16	1	638									70			
40	40	178	178	0.25	5/8	5/8	Chord	9/8	2	1	1/16		1/16	1	639									70			
40	40	713/4	713/4	0.25	11/16	11/16	Chord	9/8	2	1	1/16		1/16	1	640												
40	40	357/2	357/2	0.25	3/4	3/4	Chord	9/8	2	1	1/16		1/16	1	641									71			
40	40	715/4	715/4	0.25	13/16	13/16	Chord	9/8	2	1	1/16		1/16	1	642									71			
40	40	179	179	0.25	7/8	7/8	Chord	9/8	2	1	1/16		1/16	1	643									71			
40	40	717/4	717/4	0.25	15/16	15/16	Chord	9/8	2	1	1/16		1/16	1	644									71			
40	40	359/2	359/2	0.25	1	1	Chord	9/8	2	1	1/16		1/16	1	645									71			
40	40	719/4	719/4	0.25	17/16	17/16	Chord	9/8	2	1	1/16		1/16	1	646												
40	40	351/2	351/2	1.5	0	0	Chord	9/8	2	2	3/8		1/4	3/2	647												
40	40	177	177	1.5	3/8	3/8	Chord	9/8	2	2	3/8		1/4	3/2	648												
40	40	357/2	357/2	1.5	3/4	3/4	Chord	9/8	2	2	3/8		1/4	3/2	649												
41	41	180	180	0.0	0	0	Dynamic	9/8	1	1	0					f											
41	41	180	180	0.5	0	0	Chord	9/8	1	1	1/8		1/8	1	650									72			
41	41	361/2	361/2	0.5	1/8	1/8	Chord	9/8	1	1	1/8		1/8	1	651									72			
41	41	181	181	0.5	1/4	1/4	Chord	9/8	1	1	1/8		1/8	1	652									72			
41	41	363/2	363/2	0.75	3/8	3/8	Chord	9/8	1	1	3/16		1/8	3/2	653									72			
41	41	729/4	729/4	0.75	9/16	9/16	Chord	9/8	1	1	3/16		1/8	3/2	654									72			
41	41	183	183	0.5	3/4	3/4	Chord	9/8	1	1	1/8		1/8	1	655									72			
41	41	367/2	367/2	0.5	7/8	7/8	Chord	9/8	1	1	1/8		1/8	1	656									72			
41	41	184	184	0.5	1	1	Chord	9/8	1	1	1/8		1/8	1	657												
41	41	180	180	0.25	0	0	Chord	9/8	2	1	1/16		1/16	1	658									73			
41	41	721/4	721/4	0.25	1/16	1/16	Chord	9/8	2	1	1/16		1/16	1	659									73			
41	41	361/2	361/2	0.25	1/8	1/8	Chord	9/8	2	1	1/16		1/16	1	660									73			
41	41	723/4	723/4	0.25	3/16	3/16	Chord	9/8	2	1	1/16		1/16	1	661									73			
41	41	181	181	0.25	1/4	1/4	Chord	9/8	2	1	1/16		1/16	1	662									73			
41	41	725/4	725/4	0.25	5/16	5/16	Chord	9/8	2	1	1/16		1/16	1	663									73			
41	41	363/2	363/2	0.25	3/8	3/8	Chord	9/8	2	1	1/16		1/16	1	664									73			
41	41	727/4	727/4	0.25	7/16	7/16	Chord	9/8	2	1	1/16		1/16	1	665									73			
41	41	182	182	0.25	1/2	1/2	Chord	9/8	2	1	1/16		1/16	1	666									73			
41	41	729/4	729/4	0.25	9/16	9/16	Chord	9/8	2	1	1/16		1/16	1	667									73			
41	41	365/2	365/2	0.25	5/8	5/8	Chord	9/8	2	1	1/16		1/16	1	668									73			
41	41	731/4	731/4	0.25	11/16	11/16	Chord	9/8	2	1	1/16		1/16	1	669												
41	41	183	183	0.25	3/4	3/4	Chord	9/8	2	1	1/16		1/16	1	670									74			
41	41	733/4	733/4	0.25	13/16	13/16	Chord	9/8	2	1	1/16		1/16	1	671									74			
41	41	367/2	367/2	0.25	7/8	7/8	Chord	9/8	2	1	1/16		1/16	1	672									74			
41	41	735/4	735/4	0.25	15/16	15/16	Chord	9/8	2	1	1/16		1/16	1	673									74			
41	41	184	184	0.25	1	1	Chord	9/8	2	1	1/16		1/16	1	674									74			
41	41	737/4	737/4	0.25	17/16	17/16	Chord	9/8	2	1	1/16		1/16	1	675												
41	41	180	180	3.0	0	0	Chord	9/8	2	2	3/4		1/2	3/2	676												
41	41	183	183	1.5	3/4	3/4	Chord	9/8	2	2	3/8		1/4	3/2	677												
42	42	369/2	369/2	0.0	0	0	StaffText	9/8	1	1	0							dim.									
42	42	369/2	369/2	0.5	0	0	Chord	9/8	1	1	1/8		1/8	1	678									75			
42	42	185	185	0.5	1/8	1/8	Chord	9/8	1	1	1/8		1/8	1	679									75			
42	42	371/2	371/2	0.5	1/4	1/4	Chord	9/8	1	1	1/8		1/8	1	680									75			
42	42	186	186	0.5	3/8	3/8	Chord	9/8	1	1	1/8		1/8	1	681									75			
42	42	373/2	373/2	0.5	1/2	1/2	Chord	9/8	1	1	1/8		1/8	1	682									75			
42	42	187	187	0.5	5/8	5/8	Chord	9/8	1	1	1/8		1/8	1	683									75			
42	42	375/2	375/2	0.5	3/4	3/4	Chord	9/8	1	1	1/8		1/8	1	684									75			
42	42	188	188	0.5	7/8	7/8	Chord	9/8	1	1	1/8		1/8	1	685									75			
42	42	377/2	377/2	0.5	1	1	Chord	9/8	1	1	1/8		1/8	1	686												
42	42	375/2	375/2	1.5	3/4	3/4	Chord	9/8	1	2	3/8		1/4	3/2	687												
42	42	369/2	369/2	0.25	0	0	Chord	9/8	2	1	1/16		1/16	1	688									76			
42	42	739/4	739/4	0.25	1/16	1/16	Chord	9/8	2	1	1/16		1/16	1	689									76			
42	42	185	185	0.25	1/8	1/8	Chord	9/8	2	1	1/16		1/16	1	690									76			
42	42	741/4	741/4	0.25	3/16	3/16	Chord	9/8	2	1	1/16		1/16	1	691									76			
42	42	371/2	371/2	0.25	1/4	1/4	Chord	9/8	2	1	1/16		1/16	1	692									76			
42	42	743/4	743/4	0.25	5/16	5/16	Chord	9/8	2	1	1/16		1/16	1	693									76			
42	42	186	186	0.25	3/8	3/8	Chord	9/8	2	1	1/16		1/16	1	694									76			
42	42	745/4	745/4	0.25	7/16	7/16	Chord	9/8	2	1	1/16		1/16	1	695									76			
42	42	373/2	373/2	0.25	1/2	1/2	Chord	9/8	2	1	1/16		1/16	1	696									76			
42	42	747/4	747/4	0.25	9/16	9/16	Chord	9/8	2	1	1/16		1/16	1	697									76			
42	42	187	187	0.25	5/8	5/8	Chord	9/8	2	1	1/16		1/16	1	698									76			
42	42	749/4	749/4	0.25	11/16	11/16	Chord	9/8	2	1	1/16		1/16	1	699												
42	42	375/2	375/2	0.25	3/4	3/4	Chord	9/8	2	1	1/16		1/16	1	700									77			
42	42	751/4	751/4	0.25	13/16	13/16	Chord	9/8	2	1	1/16		1/16	1	701									77			
42	42	188	188	0.25	7/8	7/8	Chord	9/8	2	1	1/16		1/16	1	702									77			
42	42	753/4	753/4	0.25	15/16	15/16	Chord	9/8	2	1	1/16		1/16	1	703									77			
42	42	377/2	377/2	0.25	1	1	Chord	9/8	2	1	1/16		1/16	1	704									77			
42	42	755/4	755/4	0.25	17/16	17/16	Chord	9/8	2	1	1/16		1/16	1	705												
43	43	189	189	0.0	0	0	StaffText	9/8	1	1	0							Camato									
43	43	189	189	0.0	0	0	Dynamic	9/8	1	1	0					pp											
43	43	189	189	3.0	0	0	Chord	9/8	1	1	3/4		1/2	3/2	706									78			
43	43	192	192	1.0	3/4	3/4	Chord	9/8	1	1	1/4		1/4	1	707									78			
43	43	193	193	0.5	1	1	Chord	9/8	1	1	1/8		1/8	1	708												
43	43	189	189	1.0	0	0	Chord	9/8	1	2	1/4		1/4	1	709									79			
43	43	190	190	0.5	1/4	1/4	Chord	9/8	1	2	1/8		1/8	1	710									79			
43	43	381/2	381/2	1.0	3/8	3/8	Chord	9/8	1	2	1/4		1/4	1	711									79			
43	43	383/2	383/2	0.5	5/8	5/8	Chord	9/8	1	2	1/8		1/8	1	712									79			
43	43	192	192	1.5	3/4	3/4	Chord	9/8	1	2	3/8		1/4	3/2	713												
43	43	189	189	0.25	0	0	Chord	9/8	2	1	1/16		1/16	1	714									80			
43	43	757/4	757/4	0.25	1/16	1/16	Chord	9/8	2	1	1/16		1/16	1	715									80			
43	43	379/2	379/2	0.25	1/8	1/8	Chord	9/8	2	1	1/16		1/16	1	716									80			
43	43	759/4	759/4	0.25	3/16	3/16	Chord	9/8	2	1	1/16		1/16	1	717									80			
43	43	190	190	0.25	1/4	1/4	Chord	9/8	2	1	1/16		1/16	1	718									80			
43	43	761/4	761/4	0.25	5/16	5/16	Chord	9/8	2	1	1/16		1/16	1	719									80			
43	43	381/2	381/2	0.25	3/8	3/8	Chord	9/8	2	1	1/16		1/16	1	720									80			
43	43	763/4	763/4	0.25	7/16	7/16	Chord	9/8	2	1	1/16		1/16	1	721									80			
43	43	191	191	0.25	1/2	1/2	Chord	9/8	2	1	1/16		1/16	1	722									80			
43	43	765/4	765/4	0.25	9/16	9/16	Chord	9/8	2	1	1/16		1/16	1	723									80			
43	43	383/2	383/2	0.25	5/8	5/8	Chord	9/8	2	1	1/16		1/16	1	724									80			
43	43	767/4	767/4	0.25	11/16	11/16	Chord	9/8	2	1	1/16		1/16	1	725									80			
43	43	192	192	0.25	3/4	3/4	Chord	9/8	2	1	1/16		1/16	1	726									80			
43	43	769/4	769/4	0.25	13/16	13/16	Chord	9/8	2	1	1/16		1/16	1	727									80			
43	43	385/2	385/2	0.25	7/8	7/8	Chord	9/8	2	1	1/16		1/16	1	728									80			
43	43	771/4	771/4	0.25	15/16	15/16	Chord	9/8	2	1	1/16		1/16	1	729									80			
43	43	193	193	0.25	1	1	Chord	9/8	2	1	1/16		1/16	1	730									80			
43	43	773/4	773/4	0.25	17/16	17/16	Chord	9/8	2	1	1/16		1/16	1	731									80			
44	44	387/2	387/2	3.0	0	0	Chord	9/8	1	1	3/4		1/2	3/2	732									81			
44	44	393/2	393/2	1.0	3/4	3/4	Chord	9/8	1	1	1/4		1/4	1	733									81			
44	44	395/2	395/2	0.5	1	1	Chord	9/8	1	1	1/8		1/8	1	734									81			
44	44	387/2	387/2	1.0	0	0	Chord	9/8	1	2	1/4		1/4	1	735									82			
44	44	389/2	389/2	0.5	1/4	1/4	Chord	9/8	1	2	1/8		1/8	1	736									82			
44	44	195	195	1.0	3/8	3/8	Chord	9/8	1	2	1/4		1/4	1	737									82			
44	44	196	196	0.5	5/8	5/8	Chord	9/8	1	2	1/8		1/8	1	738									82			
44	44	393/2	393/2	1.5	3/4	3/4	Chord	9/8	1	2	3/8		1/4	3/2	739												
44	44	387/2	387/2	0.25	0	0	Chord	9/8	2	1	1/16		1/16	1	740									80			
44	44	775/4	775/4	0.25	1/16	1/16	Chord	9/8	2	1	1/16		1/16	1	741									80			
44	44	194	194	0.25	1/8	1/8	Chord	9/8	2	1	1/16		1/16	1	742									80			
44	44	777/4	777/4	0.25	3/16	3/16	Chord	9/8	2	1	1/16		1/16	1	743									80			
44	44	389/2	389/2	0.25	1/4	1/4	Chord	9/8	2	1	1/16		1/16	1	744									80			
44	44	779/4	779/4	0.25	5/16	5/16	Chord	9/8	2	1	1/16		1/16	1	745									80			
44	44	195	195	0.25	3/8	3/8	Chord	9/8	2	1	1/16		1/16	1	746									80			
44	44	781/4	781/4	0.25	7/16	7/16	Chord	9/8	2	1	1/16		1/16	1	747									80			
44	44	391/2	391/2	0.25	1/2	1/2	Chord	9/8	2	1	1/16		1/16	1	748									80			
44	44	783/4	783/4	0.25	9/16	9/16	Chord	9/8	2	1	1/16		1/16	1	749									80			
44	44	196	196	0.25	5/8	5/8	Chord	9/8	2	1	1/16		1/16	1	750									80			
44	44	785/4	785/4	0.25	11/16	11/16	Chord	9/8	2	1	1/16		1/16	1	751									80			
44	44	393/2	393/2	0.25	3/4	3/4	Chord	9/8	2	1	1/16		1/16	1	752									80			
44	44	787/4	787/4	0.25	13/16	13/16	Chord	9/8	2	1	1/16		1/16	1	753									80			
44	44	197	197	0.25	7/8	7/8	Chord	9/8	2	1	1/16		1/16	1	754									80			
44	44	789/4	789/4	0.25	15/16	15/16	Chord	9/8	2	1	1/16		1/16	1	755									80			
44	44	395/2	395/2	0.25	1	1	Chord	9/8	2	1	1/16		1/16	1	756									80			
44	44	791/4	791/4	0.25	17/16	17/16	Chord	9/8	2	1	1/16		1/16	1	757												
45	45	198	198	0.5	0	0	Chord	9/8	1	1	1/8		1/8	1	758									81			
45	45	397/2	397/2	0.5	1/8	1/8	Chord	9/8	1	1	1/8		1/8	1	759									81			
45	45	199	199	0.5	1/4	1/4	Chord	9/8	1	1	1/8		1/8	1	760									81			
45	45	399/2	399/2	1.5	3/8	3/8	Chord	9/8	1	1	3/8		1/4	3/2	761									81			
45	45	201	201	1.5	3/4	3/4	Chord	9/8	1	1	3/8		1/4	3/2	762												
45	45	399/2	399/2	0.5	3/8	3/8	Chord	9/8	1	2	1/8		1/8	1	763									83			
45	45	200	200	0.5	1/2	1/2	Chord	9/8	1	2	1/8		1/8	1	764									83			
45	45	401/2	401/2	0.5	5/8	5/8	Chord	9/8	1	2	1/8		1/8	1	765									83			
45	45	201	201	0.5	3/4	3/4	Chord	9/8	1	2	1/8		1/8	1	766									83			
45	45	403/2	403/2	0.5	7/8	7/8	Chord	9/8	1	2	1/8		1/8	1	767									83			
45	45	202	202	0.5	1	1	Chord	9/8	1	2	1/8		1/8	1	768												
45	45	198	198	0.25	0	0	Chord	9/8	2	1	1/16		1/16	1	769									84			
45	45	793/4	793/4	0.25	1/16	1/16	Chord	9/8	2	1	1/16		1/16	1	770									84			
45	45	397/2	397/2	0.25	1/8	1/8	Chord	9/8	2	1	1/16		1/16	1	771									84			
45	45	795/4	795/4	0.25	3/16	3/16	Chord	9/8	2	1	1/16		1/16	1	772									84			
45	45	199	199	0.25	1/4	1/4	Chord	9/8	2	1	1/16		1/16	1	773									84			
45	45	797/4	797/4	0.25	5/16	5/16	Chord	9/8	2	1	1/16		1/16	1	774									84			
45	45	399/2	399/2	0.25	3/8	3/8	Chord	9/8	2	1	1/16		1/16	1	775									84			
45	45	799/4	799/4	0.25	7/16	7/16	Chord	9/8	2	1	1/16		1/16	1	776									84			
45	45	200	200	0.25	1/2	1/2	Chord	9/8	2	1	1/16		1/16	1	777									84			
45	45	801/4	801/4	0.25	9/16	9/16	Chord	9/8	2	1	1/16		1/16	1	778									84			
45	45	401/2	401/2	0.25	5/8	5/8	Chord	9/8	2	1	1/16		1/16	1	779									84			
45	45	803/4	803/4	0.25	11/16	11/16	Chord	9/8	2	1	1/16		1/16	1	780									84			
45	45	201	201	0.25	3/4	3/4	Chord	9/8	2	1	1/16		1/16	1	781									84			
45	45	805/4	805/4	0.25	13/16	13/16	Chord	9/8	2	1	1/16		1/16	1	782									84			
45	45	403/2	403/2	0.25	7/8	7/8	Chord	9/8	2	1	1/16		1/16	1	783									84			
45	45	807/4	807/4	0.25	15/16	15/16	Chord	9/8	2	1	1/16		1/16	1	784									84			
45	45	202	202	0.25	1	1	Chord	9/8	2	1	1/16		1/16	1	785									84			
45	45	809/4	809/4	0.25	17/16	17/16	Chord	9/8	2	1	1/16		1/16	1	786												
46	46	405/2	405/2	0.5	0	0	Chord	9/8	1	1	1/8		1/8	1	787									85			
46	46	203	203	0.5	1/8	1/8	Chord	9/8	1	1	1/8		1/8	1	788									85			
46	46	407/2	407/2	0.5	1/4	1/4	Chord	9/8	1	1	1/8		1/8	1	789									85			
46	46	204	204	1.5	3/8	3/8	Chord	9/8	1	1	3/8		1/4	3/2	790									85			
46	46	411/2	411/2	1.5	3/4	3/4	Chord	9/8	1	1	3/8		1/4	3/2	791												
46	46	204	204	0.5	3/8	3/8	Chord	9/8	1	2	1/8		1/8	1	792									86			
46	46	409/2	409/2	0.5	1/2	1/2	Chord	9/8	1	2	1/8		1/8	1	793									86			
46	46	205	205	0.5	5/8	5/8	Chord	9/8	1	2	1/8		1/8	1	794									86			
46	46	411/2	411/2	0.5	3/4	3/4	Chord	9/8	1	2	1/8		1/8	1	795									86			
46	46	206	206	0.5	7/8	7/8	Chord	9/8	1	2	1/8		1/8	1	796									86			
46	46	413/2	413/2	0.5	1	1	Chord	9/8	1	2	1/8		1/8	1	797												
46	46	405/2	405/2	0.25	0	0	Chord	9/8	2	1	1/16		1/16	1	798									87			
46	46	811/4	811/4	0.25	1/16	1/16	Chord	9/8	2	1	1/16		1/16	1	799									87			
46	46	203	203	0.25	1/8	1/8	Chord	9/8	2	1	1/16		1/16	1	800									87			
46	46	813/4	813/4	0.25	3/16	3/16	Chord	9/8	2	1	1/16		1/16	1	801									87			
46	46	407/2	407/2	0.25	1/4	1/4	Chord	9/8	2	1	1/16		1/16	1	802									87			
46	46	815/4	815/4	0.25	5/16	5/16	Chord	9/8	2	1	1/16		1/16	1	803									87			
46	46	204	204	0.25	3/8	3/8	Chord	9/8	2	1	1/16		1/16	1	804									87			
46	46	817/4	817/4	0.25	7/16	7/16	Chord	9/8	2	1	1/16		1/16	1	805									87			
46	46	409/2	409/2	0.25	1/2	1/2	Chord	9/8	2	1	1/16		1/16	1	806									87			
46	46	819/4	819/4	0.25	9/16	9/16	Chord	9/8	2	1	1/16		1/16	1	807									87			
46	46	205	205	0.25	5/8	5/8	Chord	9/8	2	1	1/16		1/16	1	808									87			
46	46	821/4	821/4	0.25	11/16	11/16	Chord	9/8	2	1	1/16		1/16	1	809									87			
46	46	411/2	411/2	0.25	3/4	3/4	Chord	9/8	2	1	1/16		1/16	1	810									87			
46	46	823/4	823/4	0.25	13/16	13/16	Chord	9/8	2	1	1/16		1/16	1	811									87			
46	46	206	206	0.25	7/8	7/8	Chord	9/8	2	1	1/16		1/16	1	812									87			
46	46	825/4	825/4	0.25	15/16	15/16	Chord	9/8	2	1	1/16		1/16	1	813									87			
46	46	413/2	413/2	0.25	1	1	Chord	9/8	2	1	1/16		1/16	1	814									87			
46	46	827/4	827/4	0.25	17/16	17/16	Chord	9/8	2	1	1/16		1/16	1	815												
47	47	207	207	3.0	0	0	Chord	9/8	1	1	3/4		1/2	3/2	816									88			
47	47	210	210	1.0	3/4	3/4	Chord	9/8	1	1	1/4		1/4	1	817									88			
47	47	211	211	0.5	1	1	Chord	9/8	1	1	1/8		1/8	1	818												
47	47	207	207	0.25	0	0	Chord	9/8	1	2	1/16		1/16	1	819												
47	47	829/4	829/4	0.25	1/16	1/16	Chord	9/8	1	2	1/16		1/16	1	820									89			
47	47	415/2	415/2	0.25	1/8	1/8	Chord	9/8	1	2	1/16		1/16	1	821									89			
47	47	831/4	831/4	0.25	3/16	3/16	Chord	9/8	1	2	1/16		1/16	1	822									89			
47	47	208	208	0.25	1/4	1/4	Chord	9/8	1	2	1/16		1/16	1	823									89			
47	47	833/4	833/4	0.25	5/16	5/16	Chord	9/8	1	2	1/16		1/16	1	824												
47	47	835/4	835/4	0.25	7/16	7/16	Chord	9/8	1	2	1/16		1/16	1	825									90			
47	47	209	209	0.25	1/2	1/2	Chord	9/8	1	2	1/16		1/16	1	826									90			
47	47	837/4	837/4	0.25	9/16	9/16	Chord	9/8	1	2	1/16		1/16	1	827									90			
47	47	419/2	419/2	0.25	5/8	5/8	Chord	9/8	1	2	1/16		1/16	1	828									90			
47	47	839/4	839/4	0.25	11/16	11/16	Chord	9/8	1	2	1/16		1/16	1	829												
47	47	210	210	0.25	3/4	3/4	Chord	9/8	1	2	1/16		1/16	1	830									91			
47	47	841/4	841/4	0.25	13/16	13/16	Chord	9/8	1	2	1/16		1/16	1	831									91			
47	47	421/2	421/2	0.25	7/8	7/8	Chord	9/8	1	2	1/16		1/16	1	832									91			
47	47	843/4	843/4	0.25	15/16	15/16	Chord	9/8	1	2	1/16		1/16	1	833									91			
47	47	211	211	0.25	1	1	Chord	9/8	1	2	1/16		1/16	1	834									91			
47	47	845/4	845/4	0.25	17/16	17/16	Chord	9/8	1	2	1/16		1/16	1	835												
47	47	207	207	3.0	0	0	Chord	9/8	2	1	3/4		1/2	3/2	836												
47	47	207	207	1.0	0	0	Chord	9/8	2	2	1/4		1/4	1	837									92			
47	47	208	208	0.5	1/4	1/4	Chord	9/8	2	2	1/8		1/8	1	838									92			
47	47	417/2	417/2	1.0	3/8	3/8	Chord	9/8	2	2	1/4		1/4	1	839									92			
47	47	419/2	419/2	0.5	5/8	5/8	Chord	9/8	2	2	1/8		1/8	1	840									92			
47	47	210	210	1.5	3/4	3/4	Chord	9/8	2	2	3/8		1/4	3/2	841												
48	48	423/2	423/2	3.0	0	0	Chord	9/8	1	1	3/4		1/2	3/2	842									93			
48	48	429/2	429/2	1.0	3/4	3/4	Chord	9/8	1	1	1/4		1/4	1	843									93			
48	48	431/2	431/2	0.5	1	1	Chord	9/8	1	1	1/8		1/8	1	844												
48	48	423/2	423/2	0.25	0	0	Chord	9/8	1	2	1/16		1/16	1	845												
48	48	847/4	847/4	0.25	1/16	1/16	Chord	9/8	1	2	1/16		1/16	1	846									94			
48	48	212	212	0.25	1/8	1/8	Chord	9/8	1	2	1/16		1/16	1	847									94			
48	48	849/4	849/4	0.25	3/16	3/16	Chord	9/8	1	2	1/16		1/16	1	848									94			
48	48	425/2	425/2	0.25	1/4	1/4	Chord	9/8	1	2	1/16		1/16	1	849									94			
48	48	851/4	851/4	0.25	5/16	5/16	Chord	9/8	1	2	1/16		1/16	1	850												
48	48	853/4	853/4	0.25	7/16	7/16	Chord	9/8	1	2	1/16		1/16	1	851									95			
48	48	427/2	427/2	0.25	1/2	1/2	Chord	9/8	1	2	1/16		1/16	1	852									95			
48	48	855/4	855/4	0.25	9/16	9/16	Chord	9/8	1	2	1/16		1/16	1	853									95			
48	48	214	214	0.25	5/8	5/8	Chord	9/8	1	2	1/16		1/16	1	854									95			
48	48	857/4	857/4	0.25	11/16	11/16	Chord	9/8	1	2	1/16		1/16	1	855												
48	48	429/2	429/2	0.25	3/4	3/4	Chord	9/8	1	2	1/16		1/16	1	856									96			
48	48	859/4	859/4	0.25	13/16	13/16	Chord	9/8	1	2	1/16		1/16	1	857									96			
48	48	215	215	0.25	7/8	7/8	Chord	9/8	1	2	1/16		1/16	1	858									96			
48	48	861/4	861/4	0.25	15/16	15/16	Chord	9/8	1	2	1/16		1/16	1	859									96			
48	48	431/2	431/2	0.25	1	1	Chord	9/8	1	2	1/16		1/16	1	860									96			
48	48	863/4	863/4	0.25	17/16	17/16	Chord	9/8	1	2	1/16		1/16	1	861												
48	48	423/2	423/2	3.0	0	0	Chord	9/8	2	1	3/4		1/2	3/2	862												
48	48	423/2	423/2	1.0	0	0	Chord	9/8	2	2	1/4		1/4	1	863									97			
48	48	425/2	425/2	0.5	1/4	1/4	Chord	9/8	2	2	1/8		1/8	1	864									97			
48	48	213	213	1.0	3/8	3/8	Chord	9/8	2	2	1/4		1/4	1	865									97			
48	48	214	214	0.5	5/8	5/8	Chord	9/8	2	2	1/8		1/8	1	866									97			
48	48	429/2	429/2	1.5	3/4	3/4	Chord	9/8	2	2	3/8		1/4	3/2	867												
49	49	216	216	3.0	0	0	Chord	9/8	1	1	3/4		1/2	3/2	868									98			
49	49	219	219	1.5	3/4	3/4	Chord	9/8	1	1	3/8		1/4	3/2	869									98			
49	49	216	216	0.25	0	0	Chord	9/8	2	1	1/16		1/16	1	870									99			
49	49	865/4	865/4	0.25	1/16	1/16	Chord	9/8	2	1	1/16		1/16	1	871									99			
49	49	433/2	433/2	0.25	1/8	1/8	Chord	9/8	2	1	1/16		1/16	1	872									99			
49	49	867/4	867/4	0.25	3/16	3/16	Chord	9/8	2	1	1/16		1/16	1	873									99			
49	49	217	217	0.25	1/4	1/4	Chord	9/8	2	1	1/16		1/16	1	874									99			
49	49	869/4	869/4	0.25	5/16	5/16	Chord	9/8	2	1	1/16		1/16	1	875												
49	49	435/2	435/2	0.25	3/8	3/8	Chord	9/8	2	1	1/16		1/16	1	876									100			
49	49	871/4	871/4	0.25	7/16	7/16	Chord	9/8	2	1	1/16		1/16	1	877									100			
49	49	218	218	0.25	1/2	1/2	Chord	9/8	2	1	1/16		1/16	1	878									100			
49	49	873/4	873/4	0.25	9/16	9/16	Chord	9/8	2	1	1/16		1/16	1	879									100			
49	49	437/2	437/2	0.25	5/8	5/8	Chord	9/8	2	1	1/16		1/16	1	880									100			
49	49	875/4	875/4	0.25	11/16	11/16	Chord	9/8	2	1	1/16		1/16	1	881												
49	49	219	219	0.25	3/4	3/4	Chord	9/8	2	1	1/16		1/16	1	882									101			
49	49	877/4	877/4	0.25	13/16	13/16	Chord	9/8	2	1	1/16		1/16	1	883									101			
49	49	439/2	439/2	0.25	7/8	7/8	Chord	9/8	2	1	1/16		1/16	1	884									101			
49	49	879/4	879/4	0.25	15/16	15/16	Chord	9/8	2	1	1/16		1/16	1	885									101			
49	49	220	220	0.25	1	1	Chord	9/8	2	1	1/16		1/16	1	886									101			
49	49	881/4	881/4	0.25	17/16	17/16	Chord	9/8	2	1	1/16		1/16	1	887												
49	49	216	216	3.0	0	0	Chord	9/8	2	2	3/4		1/2	3/2	888												
49	49	219	219	1.5	3/4	3/4	Chord	9/8	2	2	3/8		1/4	3/2	889												
50	50	441/2	441/2	1.5	0	0	Chord	9/8	1	1	3/8		1/4	3/2	890									98			
50	50	222	222	1.5	3/8	3/8	Chord	9/8	1	1	3/8		1/4	3/2	891									98			
50	50	447/2	447/2	1.5	3/4	3/4	Chord	9/8	1	1	3/8		1/4	3/2	892												
50	50	441/2	441/2	0.25	0	0	Chord	9/8	2	1	1/16		1/16	1	893									102			
50	50	883/4	883/4	0.25	1/16	1/16	Chord	9/8	2	1	1/16		1/16	1	894									102			
50	50	221	221	0.25	1/8	1/8	Chord	9/8	2	1	1/16		1/16	1	895									102			
50	50	885/4	885/4	0.25	3/16	3/16	Chord	9/8	2	1	1/16		1/16	1	896									102			
50	50	443/2	443/2	0.25	1/4	1/4	Chord	9/8	2	1	1/16		1/16	1	897									102			
50	50	887/4	887/4	0.25	5/16	5/16	Chord	9/8	2	1	1/16		1/16	1	898												
50	50	222	222	0.25	3/8	3/8	Chord	9/8	2	1	1/16		1/16	1	899									103			
50	50	889/4	889/4	0.25	7/16	7/16	Chord	9/8	2	1	1/16		1/16	1	900									103			
50	50	445/2	445/2	0.25	1/2	1/2	Chord	9/8	2	1	1/16		1/16	1	901									103			
50	50	891/4	891/4	0.25	9/16	9/16	Chord	9/8	2	1	1/16		1/16	1	902									103			
50	50	223	223	0.25	5/8	5/8	Chord	9/8	2	1	1/16		1/16	1	903									103			
50	50	893/4	893/4	0.25	11/16	11/16	Chord	9/8	2	1	1/16		1/16	1	904												
50	50	447/2	447/2	0.25	3/4	3/4	Chord	9/8	2	1	1/16		1/16	1	905									104			
50	50	895/4	895/4	0.25	13/16	13/16	Chord	9/8	2	1	1/16		1/16	1	906									104			
50	50	224	224	0.25	7/8	7/8	Chord	9/8	2	1	1/16		1/16	1	907									104			
50	50	897/4	897/4	0.25	15/16	15/16	Chord	9/8	2	1	1/16		1/16	1	908									104			
50	50	449/2	449/2	0.25	1	1	Chord	9/8	2	1	1/16		1/16	1	909									104			
50	50	899/4	899/4	0.25	17/16	17/16	Chord	9/8	2	1	1/16		1/16	1	910												
50	50	441/2	441/2	3.0	0	0	Chord	9/8	2	2	3/4		1/2	3/2	911												
50	50	447/2	447/2	1.5	3/4	3/4	Chord	9/8	2	2	3/8		1/4	3/2	912												
51	51	225	225	0.0	0	0	StaffText	9/8	1	1	0							Tempo I									
51	51	225	225	0.0	0	0	Dynamic	9/8	1	1	0					ppp											
51	51	453/2	453/2	0.0	3/8	3/8	Spanner	9/8	1	1	0														1		
51	51	453/2	453/2	1.5	3/8	3/8	Chord	9/8	1	1	3/8		1/4	3/2	913									105	1		
51	51	228	228	1.5	3/4	3/4	Chord	9/8	1	1	3/8		1/4	3/2	914									105	1		
51	51	225	225	0.25	0	0	Chord	9/8	2	1	1/16		1/16	1	915									106			
51	51	901/4	901/4	0.25	1/16	1/16	Chord	9/8	2	1	1/16		1/16	1	916									106			
51	51	451/2	451/2	0.25	1/8	1/8	Chord	9/8	2	1	1/16		1/16	1	917									106			
51	51	903/4	903/4	0.25	3/16	3/16	Chord	9/8	2	1	1/16		1/16	1	918									106			
51	51	226	226	0.25	1/4	1/4	Chord	9/8	2	1	1/16		1/16	1	919									106			
51	51	905/4	905/4	0.25	5/16	5/16	Chord	9/8	2	1	1/16		1/16	1	920									106			
51	51	225	225	3.0	0	0	Chord	9/8	2	2	3/4		1/2	3/2	921		articTenutoBelow										
51	51	228	228	1.5	3/4	3/4	Chord	9/8	2	2	3/8		1/4	3/2	922		articTenutoBelow										
52	52	459/2	459/2	0.5	0	0	Chord	9/8	1	1	1/8		1/8	1	923									105	1		
52	52	230	230	0.5	1/8	1/8	Chord	9/8	1	1	1/8		1/8	1	924									105	1		
52	52	461/2	461/2	0.5	1/4	1/4	Chord	9/8	1	1	1/8		1/8	1	925									105	1		
52	52	231	231	3.0	3/8	3/8	Chord	9/8	1	1	3/4		1/2	3/2	926									105	1		
52	52	459/2	459/2	0.25	0	0	Chord	9/8	2	1	1/16		1/16	1	927									107			
52	52	919/4	919/4	0.25	1/16	1/16	Chord	9/8	2	1	1/16		1/16	1	928									107			
52	52	230	230	0.25	1/8	1/8	Chord	9/8	2	1	1/16		1/16	1	929									107			
52	52	921/4	921/4	0.25	3/16	3/16	Chord	9/8	2	1	1/16		1/16	1	930									107			
52	52	461/2	461/2	0.25	1/4	1/4	Chord	9/8	2	1	1/16		1/16	1	931									107			
52	52	923/4	923/4	0.25	5/16	5/16	Chord	9/8	2	1	1/16		1/16	1	932												
52	52	459/2	459/2	3.0	0	0	Chord	9/8	2	2	3/4		1/2	3/2	933		articTenutoBelow										
52	52	465/2	465/2	1.5	3/4	3/4	Chord	9/8	2	2	3/8		1/4	3/2	934		articTenutoBelow										
53	53	234	234	0.5	0	0	Chord	9/8	1	1	1/8		1/8	1	935									105	1		
53	53	469/2	469/2	0.5	1/8	1/8	Chord	9/8	1	1	1/8		1/8	1	936									105	1		
53	53	235	235	0.5	1/4	1/4	Chord	9/8	1	1	1/8		1/8	1	937									105	1		
53	53	471/2	471/2	0.75	3/8	3/8	Chord	9/8	1	1	3/16		1/8	3/2	938									105	1		
53	53	945/4	945/4	0.75	9/16	9/16	Chord	9/8	1	1	3/16		1/8	3/2	939									105	1		
53	53	237	237	0.75	3/4	3/4	Chord	9/8	1	1	3/16		1/8	3/2	940									105	1		
53	53	951/4	951/4	0.75	15/16	15/16	Chord	9/8	1	1	3/16		1/8	3/2	941									105	1		
53	53	234	234	0.25	0	0	Chord	9/8	2	1	1/16		1/16	1	942									108			
53	53	937/4	937/4	0.25	1/16	1/16	Chord	9/8	2	1	1/16		1/16	1	943									108			
53	53	469/2	469/2	0.25	1/8	1/8	Chord	9/8	2	1	1/16		1/16	1	944									108			
53	53	939/4	939/4	0.25	3/16	3/16	Chord	9/8	2	1	1/16		1/16	1	945									108			
53	53	235	235	0.25	1/4	1/4	Chord	9/8	2	1	1/16		1/16	1	946									108			
53	53	941/4	941/4	0.25	5/16	5/16	Chord	9/8	2	1	1/16		1/16	1	947												
53	53	234	234	3.0	0	0	Chord	9/8	2	2	3/4		1/2	3/2	948		articTenutoBelow										
53	53	237	237	1.5	3/4	3/4	Chord	9/8	2	2	3/8		1/4	3/2	949		articTenutoBelow										
54	54	477/2	477/2	0.25	0	0	Chord	9/8	1	1	1/16		1/16	1	950									105	1		
54	54	239	239	0.5	1/8	1/8	Chord	9/8	1	1	1/8		1/8	1	951									105	1		
54	54	479/2	479/2	0.5	1/4	1/4	Chord	9/8	1	1	1/8		1/8	1	952									105	1		
54	54	240	240	3.0	3/8	3/8	Chord	9/8	1	1	3/4		1/2	3/2	953										1		
54	54	477/2	477/2	0.25	0	0	Chord	9/8	2	1	1/16		1/16	1	954									109			
54	54	955/4	955/4	0.25	1/16	1/16	Chord	9/8	2	1	1/16		1/16	1	955									109			
54	54	239	239	0.25	1/8	1/8	Chord	9/8	2	1	1/16		1/16	1	956									109			
54	54	957/4	957/4	0.25	3/16	3/16	Chord	9/8	2	1	1/16		1/16	1	957									109			
54	54	479/2	479/2	0.25	1/4	1/4	Chord	9/8	2	1	1/16		1/16	1	958									109			
54	54	959/4	959/4	0.25	5/16	5/16	Chord	9/8	2	1	1/16		1/16	1	959												
54	54	477/2	477/2	3.0	0	0	Chord	9/8	2	2	3/4		1/2	3/2	960		articTenutoBelow										
54	54	483/2	483/2	1.5	3/4	3/4	Chord	9/8	2	2	3/8		1/4	3/2	961		articTenutoBelow										
55	55	243	243	0.0	0	0	Spanner	9/8	1	1	0																
55	55	487/2	487/2	0.5	1/8	1/8	Chord	9/8	1	1	1/8		1/8	1	962									110			
55	55	244	244	0.5	1/4	1/4	Chord	9/8	1	1	1/8		1/8	1	963									110			
55	55	489/2	489/2	0.5	3/8	3/8	Chord	9/8	1	1	1/8		1/8	1	964									110			
55	55	245	245	0.5	1/2	1/2	Chord	9/8	1	1	1/8		1/8	1	965									110			
55	55	491/2	491/2	0.5	5/8	5/8	Chord	9/8	1	1	1/8		1/8	1	966									110			
55	55	246	246	0.5	3/4	3/4	Chord	9/8	1	1	1/8		1/8	1	967									110			
55	55	493/2	493/2	0.5	7/8	7/8	Chord	9/8	1	1	1/8		1/8	1	968									110			
55	55	247	247	0.5	1	1	Chord	9/8	1	1	1/8		1/8	1	969									110			
55	55	489/2	489/2	1.5	3/8	3/8	Chord	9/8	1	2	3/8		1/4	3/2	970												
55	55	246	246	1.5	3/4	3/4	Chord	9/8	1	2	3/8		1/4	3/2	971												
55	55	243	243	0.25	0	0	Chord	9/8	2	1	1/16		1/16	1	972									111			
55	55	973/4	973/4	0.25	1/16	1/16	Chord	9/8	2	1	1/16		1/16	1	973									111			
55	55	487/2	487/2	0.25	1/8	1/8	Chord	9/8	2	1	1/16		1/16	1	974									111			
55	55	975/4	975/4	0.25	3/16	3/16	Chord	9/8	2	1	1/16		1/16	1	975									111			
55	55	244	244	0.25	1/4	1/4	Chord	9/8	2	1	1/16		1/16	1	976									111			
55	55	977/4	977/4	0.25	5/16	5/16	Chord	9/8	2	1	1/16		1/16	1	977												
55	55	246	246	1.5	3/4	3/4	Chord	9/8	2	1	3/8		1/4	3/2	978												
55	55	243	243	3.0	0	0	Chord	9/8	2	2	3/4		1/2	3/2	979		articTenutoBelow							112			
55	55	246	246	1.5	3/4	3/4	Chord	9/8	2	2	3/8		1/4	3/2	980												
56	56	495/2	495/2	0.5	0	0	Chord	9/8	1	1	1/8		1/8	1	981									110			
56	56	248	248	0.5	1/8	1/8	Chord	9/8	1	1	1/8		1/8	1	982									110			
56	56	497/2	497/2	0.5	1/4	1/4	Chord	9/8	1	1	1/8		1/8	1	983									110			
56	56	249	249	1.5	3/8	3/8	Chord	9/8	1	1	3/8		1/4	3/2	984									110			
56	56	501/2	501/2	1.5	3/4	3/4	Chord	9/8	1	1	3/8		1/4	3/2	985									110			
56	56	495/2	495/2	0.25	0	0	Chord	9/8	2	1	1/16		1/16	1	986									113			
56	56	991/4	991/4	0.25	1/16	1/16	Chord	9/8	2	1	1/16		1/16	1	987									113			
56	56	248	248	0.25	1/8	1/8	Chord	9/8	2	1	1/16		1/16	1	988									113			
56	56	993/4	993/4	0.25	3/16	3/16	Chord	9/8	2	1	1/16		1/16	1	989									113			
56	56	497/2	497/2	0.25	1/4	1/4	Chord	9/8	2	1	1/16		1/16	1	990									113			
56	56	995/4	995/4	0.25	5/16	5/16	Chord	9/8	2	1	1/16		1/16	1	991												
56	56	249	249	1.5	3/8	3/8	Chord	9/8	2	1	3/8		1/4	3/2	992												
56	56	501/2	501/2	1.5	3/4	3/4	Chord	9/8	2	1	3/8		1/4	3/2	993												
56	56	495/2	495/2	3.0	0	0	Chord	9/8	2	2	3/4		1/2	3/2	994									114			
56	56	501/2	501/2	1.5	3/4	3/4	Chord	9/8	2	2	3/8		1/4	3/2	995												
57	57	252	252	0.5	0	0	Chord	9/8	1	1	1/8		1/8	1	996									110			
57	57	505/2	505/2	0.5	1/8	1/8	Chord	9/8	1	1	1/8		1/8	1	997									110			
57	57	253	253	0.5	1/4	1/4	Chord	9/8	1	1	1/8		1/8	1	998									110			
57	57	507/2	507/2	0.5	3/8	3/8	Chord	9/8	1	1	1/8		1/8	1	999									110			
57	57	254	254	0.5	1/2	1/2	Chord	9/8	1	1	1/8		1/8	1	1000									110			
57	57	509/2	509/2	0.5	5/8	5/8	Chord	9/8	1	1	1/8		1/8	1	1001									110			
57	57	255	255	0.5	3/4	3/4	Chord	9/8	1	1	1/8		1/8	1	1002									110			
57	57	511/2	511/2	0.5	7/8	7/8	Chord	9/8	1	1	1/8		1/8	1	1003									110			
57	57	256	256	0.5	1	1	Chord	9/8	1	1	1/8		1/8	1	1004									110			
57	57	507/2	507/2	1.5	3/8	3/8	Chord	9/8	1	2	3/8		1/4	3/2	1005												
57	57	255	255	1.5	3/4	3/4	Chord	9/8	1	2	3/8		1/4	3/2	1006												
57	57	252	252	0.25	0	0	Chord	9/8	2	1	1/16		1/16	1	1007									115			
57	57	1009/4	1009/4	0.25	1/16	1/16	Chord	9/8	2	1	1/16		1/16	1	1008									115			
57	57	505/2	505/2	0.25	1/8	1/8	Chord	9/8	2	1	1/16		1/16	1	1009									115			
57	57	1011/4	1011/4	0.25	3/16	3/16	Chord	9/8	2	1	1/16		1/16	1	1010									115			
57	57	253	253	0.25	1/4	1/4	Chord	9/8	2	1	1/16		1/16	1	1011									115			
57	57	1013/4	1013/4	0.25	5/16	5/16	Chord	9/8	2	1	1/16		1/16	1	1012												
57	57	255	255	1.5	3/4	3/4	Chord	9/8	2	1	3/8		1/4	3/2	1013												
57	57	252	252	3.0	0	0	Chord	9/8	2	2	3/4		1/2	3/2	1014									116			
57	57	255	255	1.5	3/4	3/4	Chord	9/8	2	2	3/8		1/4	3/2	1015												
58	58	513/2	513/2	0.5	0	0	Chord	9/8	1	1	1/8		1/8	1	1016									110			
58	58	257	257	0.5	1/8	1/8	Chord	9/8	1	1	1/8		1/8	1	1017									110			
58	58	515/2	515/2	0.5	1/4	1/4	Chord	9/8	1	1	1/8		1/8	1	1018									110			
58	58	258	258	1.5	3/8	3/8	Chord	9/8	1	1	3/8		1/4	3/2	1019									110			
58	58	519/2	519/2	1.5	3/4	3/4	Chord	9/8	1	1	3/8		1/4	3/2	1020												
58	58	513/2	513/2	0.25	0	0	Chord	9/8	2	1	1/16		1/16	1	1021									117			
58	58	1027/4	1027/4	0.25	1/16	1/16	Chord	9/8	2	1	1/16		1/16	1	1022									117			
58	58	257	257	0.25	1/8	1/8	Chord	9/8	2	1	1/16		1/16	1	1023									117			
58	58	1029/4	1029/4	0.25	3/16	3/16	Chord	9/8	2	1	1/16		1/16	1	1024									117			
58	58	515/2	515/2	0.25	1/4	1/4	Chord	9/8	2	1	1/16		1/16	1	1025									117			
58	58	1031/4	1031/4	0.25	5/16	5/16	Chord	9/8	2	1	1/16		1/16	1	1026												
58	58	519/2	519/2	1.5	3/4	3/4	Chord	9/8	2	1	3/8		1/4	3/2	1027												
58	58	513/2	513/2	3.0	0	0	Chord	9/8	2	2	3/4		1/2	3/2	1028												
58	58	519/2	519/2	0.75	3/4	3/4	Chord	9/8	2	2	3/16		1/8	3/2	1029												
58	58	1041/4	1041/4	0.75	15/16	15/16	Chord	9/8	2	2	3/16		1/8	3/2	1030												
59	59	261	261	0.0	0	0	Dynamic	9/8	1	1	0					pp											
59	59	525/2	525/2	1.5	3/8	3/8	Chord	9/8	1	1	3/8		1/4	3/2	1031												
59	59	264	264	1.5	3/4	3/4	Chord	9/8	1	1	3/8		1/4	3/2	1032												
59	59	261	261	0.5	0	0	Chord	9/8	2	1	1/8		1/8	1	1033									118			
59	59	523/2	523/2	0.5	1/8	1/8	Chord	9/8	2	1	1/8		1/8	1	1034									118			
59	59	262	262	0.5	1/4	1/4	Chord	9/8	2	1	1/8		1/8	1	1035									118			
59	59	525/2	525/2	3.0	3/8	3/8	Chord	9/8	2	1	3/4		1/2	3/2	1036									118			
59	59	525/2	525/2	3.0	3/8	3/8	Chord	9/8	2	2	3/4		1/2	3/2	1037		articAccentBelow										
59	59	261	261	3.0	0	0	Chord	9/8	2	3	3/4		1/2	3/2	1038												
60	60	531/2	531/2	0.5	0	0	Chord	9/8	1	1	1/8		1/8	1	1039												
60	60	266	266	0.5	1/8	1/8	Chord	9/8	1	1	1/8		1/8	1	1040												
60	60	533/2	533/2	0.5	1/4	1/4	Chord	9/8	1	1	1/8		1/8	1	1041												
60	60	267	267	3.0	3/8	3/8	Chord	9/8	1	1	3/4		1/2	3/2	1042												
60	60	266	266	1.0	1/8	1/8	Chord	9/8	1	2	1/4		1/4	1	1043												
60	60	267	267	3.0	3/8	3/8	Chord	9/8	1	2	3/4		1/2	3/2	1044												
60	60	266	266	1.0	1/8	1/8	Chord	9/8	2	1	1/4		1/4	1	1045									118			
60	60	267	267	3.0	3/8	3/8	Chord	9/8	2	1	3/4		1/2	3/2	1046									118			
60	60	531/2	531/2	3.0	0	0	Chord	9/8	2	2	3/4		1/2	3/2	1047												
61	61	270	270	0.5	0	0	Chord	9/8	1	1	1/8		1/8	1	1048												
61	61	541/2	541/2	0.5	1/8	1/8	Chord	9/8	1	1	1/8		1/8	1	1049												
61	61	271	271	0.5	1/4	1/4	Chord	9/8	1	1	1/8		1/8	1	1050												
61	61	543/2	543/2	1.5	3/8	3/8	Chord	9/8	1	1	3/8		1/4	3/2	1051												
61	61	273	273	1.5	3/4	3/4	Chord	9/8	1	1	3/8		1/4	3/2	1052												
61	61	541/2	541/2	1.0	1/8	1/8	Chord	9/8	1	2	1/4		1/4	1	1053												
61	61	541/2	541/2	1.0	1/8	1/8	Chord	9/8	2	1	1/4		1/4	1	1054									118			
61	61	543/2	543/2	1.5	3/8	3/8	Chord	9/8	2	1	3/8		1/4	3/2	1055									118			
61	61	273	273	1.5	3/4	3/4	Chord	9/8	2	1	3/8		1/4	3/2	1056									118			
61	61	543/2	543/2	1.5	3/8	3/8	Chord	9/8	2	2	3/8		1/4	3/2	1057												
61	61	273	273	1.5	3/4	3/4	Chord	9/8	2	2	3/8		1/4	3/2	1058												
61	61	270	270	3.0	0	0	Chord	9/8	2	3	3/4		1/2	3/2	1059												
62	62	549/2	549/2	0.5	0	0	Chord	9/8	1	1	1/8		1/8	1	1060												
62	62	275	275	0.5	1/8	1/8	Chord	9/8	1	1	1/8		1/8	1	1061												
62	62	551/2	551/2	0.5	1/4	1/4	Chord	9/8	1	1	1/8		1/8	1	1062												
62	62	276	276	1.5	3/8	3/8	Chord	9/8	1	1	3/8		1/4	3/2	1063												
62	62	555/2	555/2	1.5	3/4	3/4	Chord	9/8	1	1	3/8		1/4	3/2	1064												
62	62	275	275	1.0	1/8	1/8	Chord	9/8	1	2	1/4		1/4	1	1065												
62	62	276	276	3.0	3/8	3/8	Chord	9/8	1	2	3/4		1/2	3/2	1066												
62	62	275	275	1.0	1/8	1/8	Chord	9/8	2	1	1/4		1/4	1	1067									118			
62	62	276	276	1.5	3/8	3/8	Chord	9/8	2	1	3/8		1/4	3/2	1068									118			
62	62	555/2	555/2	1.5	3/4	3/4	Chord	9/8	2	1	3/8		1/4	3/2	1069												
62	62	275	275	1.0	1/8	1/8	Chord	9/8	2	2	1/4		1/4	1	1070												
62	62	276	276	3.0	3/8	3/8	Chord	9/8	2	2	3/4		1/2	3/2	1071												
62	62	549/2	549/2	3.0	0	0	Chord	9/8	2	3	3/4		1/2	3/2	1072												
63	63	559/2	559/2	0.5	1/8	1/8	Chord	9/8	1	1	1/8		1/8	1	1073									119			
63	63	280	280	0.5	1/4	1/4	Chord	9/8	1	1	1/8		1/8	1	1074									119			
63	63	561/2	561/2	1.5	3/8	3/8	Chord	9/8	1	1	3/8		1/4	3/2	1075									119			
63	63	282	282	1.5	3/4	3/4	Chord	9/8	1	1	3/8		1/4	3/2	1076												
63	63	559/2	559/2	1.0	1/8	1/8	Chord	9/8	1	2	1/4		1/4	1	1077									120			
63	63	279	279	3.0	0	0	Chord	9/8	2	1	3/4		1/2	3/2	1078												
63	63	282	282	1.5	3/4	3/4	Chord	9/8	2	1	3/8		1/4	3/2	1079												
64	64	284	284	0.5	1/8	1/8	Chord	9/8	1	1	1/8		1/8	1	1080									121			
64	64	569/2	569/2	0.5	1/4	1/4	Chord	9/8	1	1	1/8		1/8	1	1081									121			
64	64	285	285	1.5	3/8	3/8	Chord	9/8	1	1	3/8		1/4	3/2	1082									121			
64	64	573/2	573/2	1.5	3/4	3/4	Chord	9/8	1	1	3/8		1/4	3/2	1083												
64	64	284	284	1.0	1/8	1/8	Chord	9/8	1	2	1/4		1/4	1	1084									122			
64	64	285	285	1.5	3/8	3/8	Chord	9/8	2	1	3/8		1/4	3/2	1085									123			
64	64	573/2	573/2	1.5	3/4	3/4	Chord	9/8	2	1	3/8		1/4	3/2	1086												
64	64	567/2	567/2	3.0	0	0	Chord	9/8	2	2	3/4		1/2	3/2	1087												
65	65	577/2	577/2	0.5	1/8	1/8	Chord	9/8	1	1	1/8		1/8	1	1088									124			
65	65	289	289	0.5	1/4	1/4	Chord	9/8	1	1	1/8		1/8	1	1089									124			
65	65	579/2	579/2	1.5	3/8	3/8	Chord	9/8	1	1	3/8		1/4	3/2	1090									124			
65	65	291	291	1.5	3/4	3/4	Chord	9/8	1	1	3/8		1/4	3/2	1091												
65	65	577/2	577/2	1.0	1/8	1/8	Chord	9/8	1	2	1/4		1/4	1	1092												
65	65	288	288	0.75	0	0	Chord	9/8	2	1	3/16		1/8	3/2	1093									125			
65	65	1155/4	1155/4	0.75	3/16	3/16	Chord	9/8	2	1	3/16		1/8	3/2	1094									125			
65	65	579/2	579/2	1.5	3/8	3/8	Chord	9/8	2	1	3/8		1/4	3/2	1095									125			
65	65	291	291	1.5	3/4	3/4	Chord	9/8	2	1	3/8		1/4	3/2	1096												
65	65	288	288	3.0	0	0	Chord	9/8	2	2	3/4		1/2	3/2	1097												
66	66	585/2	585/2	0.0	0	0	Dynamic	9/8	2	1	0					pp											
66	66	585/2	585/2	0.0	0	0	StaffText	9/8	2	1	0							morendo jusqu'√† la fin									
66	66	585/2	585/2	0.25	0	0	Chord	9/8	2	1	1/16		1/16	1	1098									126			
66	66	1171/4	1171/4	0.25	1/16	1/16	Chord	9/8	2	1	1/16		1/16	1	1099									126			
66	66	293	293	0.25	1/8	1/8	Chord	9/8	2	1	1/16		1/16	1	1100									126			
66	66	1173/4	1173/4	0.25	3/16	3/16	Chord	9/8	2	1	1/16		1/16	1	1101									126			
66	66	587/2	587/2	0.25	1/4	1/4	Chord	9/8	2	1	1/16		1/16	1	1102									126			
66	66	1175/4	1175/4	0.25	5/16	5/16	Chord	9/8	2	1	1/16		1/16	1	1103												
66	66	294	294	0.25	3/8	3/8	Chord	9/8	2	1	1/16		1/16	1	1104									127			
66	66	1177/4	1177/4	0.25	7/16	7/16	Chord	9/8	2	1	1/16		1/16	1	1105									127			
66	66	589/2	589/2	0.25	1/2	1/2	Chord	9/8	2	1	1/16		1/16	1	1106									127			
66	66	1179/4	1179/4	0.25	9/16	9/16	Chord	9/8	2	1	1/16		1/16	1	1107									127			
66	66	295	295	0.25	5/8	5/8	Chord	9/8	2	1	1/16		1/16	1	1108									127			
66	66	1181/4	1181/4	0.25	11/16	11/16	Chord	9/8	2	1	1/16		1/16	1	1109												
66	66	591/2	591/2	0.25	3/4	3/4	Chord	9/8	2	1	1/16		1/16	1	1110									128			
66	66	1183/4	1183/4	0.25	13/16	13/16	Chord	9/8	2	1	1/16		1/16	1	1111									128			
66	66	296	296	0.25	7/8	7/8	Chord	9/8	2	1	1/16		1/16	1	1112									128			
66	66	1185/4	1185/4	0.25	15/16	15/16	Chord	9/8	2	1	1/16		1/16	1	1113									128			
66	66	593/2	593/2	0.25	1	1	Chord	9/8	2	1	1/16		1/16	1	1114									128			
66	66	1187/4	1187/4	0.25	17/16	17/16	Chord	9/8	2	1	1/16		1/16	1	1115												
66	66	585/2	585/2	1.5	0	0	Chord	9/8	2	2	3/8		1/4	3/2	1116												
66	66	294	294	1.5	3/8	3/8	Chord	9/8	2	2	3/8		1/4	3/2	1117												
66	66	591/2	591/2	1.5	3/4	3/4	Chord	9/8	2	2	3/8		1/4	3/2	1118												
67	67	597/2	597/2	1.5	3/8	3/8	Chord	9/8	1	1	3/8		1/4	3/2	1119									129			
67	67	300	300	1.5	3/4	3/4	Chord	9/8	1	1	3/8		1/4	3/2	1120												
67	67	597/2	597/2	1.5	3/8	3/8	Chord	9/8	1	2	3/8		1/4	3/2	1121												
67	67	300	300	1.5	3/4	3/4	Chord	9/8	1	2	3/8		1/4	3/2	1122												
67	67	297	297	0.25	0	0	Chord	9/8	2	1	1/16		1/16	1	1123									130			
67	67	1189/4	1189/4	0.25	1/16	1/16	Chord	9/8	2	1	1/16		1/16	1	1124									130			
67	67	595/2	595/2	0.25	1/8	1/8	Chord	9/8	2	1	1/16		1/16	1	1125									130			
67	67	1191/4	1191/4	0.25	3/16	3/16	Chord	9/8	2	1	1/16		1/16	1	1126									130			
67	67	298	298	0.25	1/4	1/4	Chord	9/8	2	1	1/16		1/16	1	1127									130			
67	67	1193/4	1193/4	0.25	5/16	5/16	Chord	9/8	2	1	1/16		1/16	1	1128												
67	67	597/2	597/2	0.25	3/8	3/8	Chord	9/8	2	1	1/16		1/16	1	1129									131			
67	67	1195/4	1195/4	0.25	7/16	7/16	Chord	9/8	2	1	1/16		1/16	1	1130									131			
67	67	299	299	0.25	1/2	1/2	Chord	9/8	2	1	1/16		1/16	1	1131									131			
67	67	1197/4	1197/4	0.25	9/16	9/16	Chord	9/8	2	1	1/16		1/16	1	1132									131			
67	67	599/2	599/2	0.25	5/8	5/8	Chord	9/8	2	1	1/16		1/16	1	1133									131			
67	67	1199/4	1199/4	0.25	11/16	11/16	Chord	9/8	2	1	1/16		1/16	1	1134									131			
67	67	300	300	1.5	3/4	3/4	Chord	9/8	2	1	3/8		1/4	3/2	1135												
67	67	297	297	1.5	0	0	Chord	9/8	2	2	3/8		1/4	3/2	1136												
67	67	597/2	597/2	3.0	3/8	3/8	Chord	9/8	2	2	3/4		1/2	3/2	1137												
68	68	603/2	603/2	0.25	0	0	Chord	9/8	2	1	1/16		1/16	1	1138									132			
68	68	1207/4	1207/4	0.25	1/16	1/16	Chord	9/8	2	1	1/16		1/16	1	1139									132			
68	68	302	302	0.25	1/8	1/8	Chord	9/8	2	1	1/16		1/16	1	1140									132			
68	68	1209/4	1209/4	0.25	3/16	3/16	Chord	9/8	2	1	1/16		1/16	1	1141									132			
68	68	605/2	605/2	0.25	1/4	1/4	Chord	9/8	2	1	1/16		1/16	1	1142									132			
68	68	1211/4	1211/4	0.25	5/16	5/16	Chord	9/8	2	1	1/16		1/16	1	1143												
68	68	303	303	0.25	3/8	3/8	Chord	9/8	2	1	1/16		1/16	1	1144									133			
68	68	1213/4	1213/4	0.25	7/16	7/16	Chord	9/8	2	1	1/16		1/16	1	1145									133			
68	68	607/2	607/2	0.25	1/2	1/2	Chord	9/8	2	1	1/16		1/16	1	1146									133			
68	68	1215/4	1215/4	0.25	9/16	9/16	Chord	9/8	2	1	1/16		1/16	1	1147									133			
68	68	304	304	0.25	5/8	5/8	Chord	9/8	2	1	1/16		1/16	1	1148									133			
68	68	1217/4	1217/4	0.25	11/16	11/16	Chord	9/8	2	1	1/16		1/16	1	1149												
68	68	609/2	609/2	0.25	3/4	3/4	Chord	9/8	2	1	1/16		1/16	1	1150									134			
68	68	1219/4	1219/4	0.25	13/16	13/16	Chord	9/8	2	1	1/16		1/16	1	1151									134			
68	68	305	305	0.25	7/8	7/8	Chord	9/8	2	1	1/16		1/16	1	1152									134			
68	68	1221/4	1221/4	0.25	15/16	15/16	Chord	9/8	2	1	1/16		1/16	1	1153									134			
68	68	611/2	611/2	0.25	1	1	Chord	9/8	2	1	1/16		1/16	1	1154									134			
68	68	1223/4	1223/4	0.25	17/16	17/16	Chord	9/8	2	1	1/16		1/16	1	1155												
68	68	603/2	603/2	1.5	0	0	Chord	9/8	2	2	3/8		1/4	3/2	1156												
68	68	303	303	1.5	3/8	3/8	Chord	9/8	2	2	3/8		1/4	3/2	1157												
68	68	609/2	609/2	1.5	3/4	3/4	Chord	9/8	2	2	3/8		1/4	3/2	1158												
69	69	615/2	615/2	1.5	3/8	3/8	Chord	9/8	1	1	3/8		1/4	3/2	1159									135			
69	69	309	309	1.5	3/4	3/4	Chord	9/8	1	1	3/8		1/4	3/2	1160												
69	69	615/2	615/2	3.0	3/8	3/8	Chord	9/8	1	2	3/4		1/2	3/2	1161												
69	69	306	306	0.25	0	0	Chord	9/8	2	1	1/16		1/16	1	1162									136			
69	69	1225/4	1225/4	0.25	1/16	1/16	Chord	9/8	2	1	1/16		1/16	1	1163									136			
69	69	613/2	613/2	0.25	1/8	1/8	Chord	9/8	2	1	1/16		1/16	1	1164									136			
69	69	1227/4	1227/4	0.25	3/16	3/16	Chord	9/8	2	1	1/16		1/16	1	1165									136			
69	69	307	307	0.25	1/4	1/4	Chord	9/8	2	1	1/16		1/16	1	1166									136			
69	69	1229/4	1229/4	0.25	5/16	5/16	Chord	9/8	2	1	1/16		1/16	1	1167												
69	69	615/2	615/2	0.25	3/8	3/8	Chord	9/8	2	1	1/16		1/16	1	1168									137			
69	69	1231/4	1231/4	0.25	7/16	7/16	Chord	9/8	2	1	1/16		1/16	1	1169									137			
69	69	308	308	0.25	1/2	1/2	Chord	9/8	2	1	1/16		1/16	1	1170									137			
69	69	1233/4	1233/4	0.25	9/16	9/16	Chord	9/8	2	1	1/16		1/16	1	1171									137			
69	69	617/2	617/2	0.25	5/8	5/8	Chord	9/8	2	1	1/16		1/16	1	1172									137			
69	69	1235/4	1235/4	0.25	11/16	11/16	Chord	9/8	2	1	1/16		1/16	1	1173									137			
69	69	309	309	1.5	3/4	3/4	Chord	9/8	2	1	3/8		1/4	3/2	1174												
69	69	306	306	1.5	0	0	Chord	9/8	2	2	3/8		1/4	3/2	1175												
69	69	615/2	615/2	3.0	3/8	3/8	Chord	9/8	2	2	3/4		1/2	3/2	1176												
70	70	621/2	621/2	1.5	0	0	Chord	9/8	1	1	3/8		1/4	3/2	1177									138			
70	70	312	312	1.5	3/8	3/8	Chord	9/8	1	1	3/8		1/4	3/2	1178									138			
70	70	627/2	627/2	1.5	3/4	3/4	Chord	9/8	1	1	3/8		1/4	3/2	1179												
70	70	621/2	621/2	3.0	0	0	Chord	9/8	1	2	3/4		1/2	3/2	1180												
70	70	627/2	627/2	1.5	3/4	3/4	Chord	9/8	1	2	3/8		1/4	3/2	1181												
70	70	621/2	621/2	0.25	0	0	Chord	9/8	2	1	1/16		1/16	1	1182									139			
70	70	1243/4	1243/4	0.25	1/16	1/16	Chord	9/8	2	1	1/16		1/16	1	1183									139			
70	70	311	311	0.25	1/8	1/8	Chord	9/8	2	1	1/16		1/16	1	1184									139			
70	70	1245/4	1245/4	0.25	3/16	3/16	Chord	9/8	2	1	1/16		1/16	1	1185									139			
70	70	623/2	623/2	0.25	1/4	1/4	Chord	9/8	2	1	1/16		1/16	1	1186									139			
70	70	1247/4	1247/4	0.25	5/16	5/16	Chord	9/8	2	1	1/16		1/16	1	1187									139			
70	70	312	312	1.5	3/8	3/8	Chord	9/8	2	1	3/8		1/4	3/2	1188												
70	70	627/2	627/2	1.5	3/4	3/4	Chord	9/8	2	1	3/8		1/4	3/2	1189												
70	70	621/2	621/2	3.0	0	0	Chord	9/8	2	2	3/4		1/2	3/2	1190												
70	70	627/2	627/2	1.5	3/4	3/4	Chord	9/8	2	2	3/8		1/4	3/2	1191												
71	71	315	315	3.0	0	0	Chord	9/8	1	1	3/4		1/2	3/2	1192												
71	71	318	318	1.5	3/4	3/4	Chord	9/8	1	1	3/8		1/4	3/2	1193												
71	71	315	315	0.25	0	0	Chord	9/8	2	1	1/16		1/16	1	1194									140			
71	71	1261/4	1261/4	0.25	1/16	1/16	Chord	9/8	2	1	1/16		1/16	1	1195									140			
71	71	631/2	631/2	0.25	1/8	1/8	Chord	9/8	2	1	1/16		1/16	1	1196									140			
71	71	1263/4	1263/4	0.25	3/16	3/16	Chord	9/8	2	1	1/16		1/16	1	1197									140			
71	71	316	316	0.25	1/4	1/4	Chord	9/8	2	1	1/16		1/16	1	1198									140			
71	71	1265/4	1265/4	0.25	5/16	5/16	Chord	9/8	2	1	1/16		1/16	1	1199									140			
71	71	633/2	633/2	0.5	3/8	3/8	Chord	9/8	2	1	1/8		1/8	1	1200									140			
71	71	317	317	0.5	1/2	1/2	Chord	9/8	2	1	1/8		1/8	1	1201									140			
71	71	635/2	635/2	0.5	5/8	5/8	Chord	9/8	2	1	1/8		1/8	1	1202									140			
71	71	318	318	0.5	3/4	3/4	Chord	9/8	2	1	1/8		1/8	1	1203									140			
71	71	637/2	637/2	0.5	7/8	7/8	Chord	9/8	2	1	1/8		1/8	1	1204									140			
71	71	319	319	0.5	1	1	Chord	9/8	2	1	1/8		1/8	1	1205												
71	71	315	315	3.0	0	0	Chord	9/8	2	2	3/4		1/2	3/2	1206												
72	72	639/2	639/2	3.0	0	0	Chord	9/8	1	1	3/4		1/2	3/2	1207												
72	72	639/2	639/2	3.0	0	0	Chord	9/8	2	1	3/4		1/2	3/2	1208												
