mc	mn	mc_playthrough	mn_playthrough	quarterbeats_playthrough	quarterbeats_all_endings	duration_qb	mc_onset	mn_onset	timesig	staff	voice	label	globalkey	localkey	pedal	chord	numeral	form	figbass	changes	relativeroot	cadence	phraseend	chord_type	globalkey_is_minor	localkey_is_minor	chord_tones	added_tones	root	bass_note
1	1	1	1a	0	0	2.0	0	0	4/4	2	1	F.I{	F	I		I	I						{	M	0	0	0, 4, 1		0	0
1	1	1	1a	2	2	6.0	1/2	1/2	4/4	2	1	V7(+2)	F	I		V7(+2)	V		7	+2				Mm7	0	0	1, 5, 2, -1	3	1	1
3	3	3	3a	8	8	2.0	0	0	4/4	2	1	I(+2)	F	I		I(+2)	I			+2				M	0	0	0, 4, 1	2	0	0
3	3	3	3a	10	10	2.0	1/2	1/2	4/4	2	1	IV(+6)	F	I		IV(+6)	IV			+6				M	0	0	-1, 3, 0	2	-1	-1
4	4	4	4a	12	12	2.0	0	0	4/4	2	1	iii65	F	I		iii65	iii		65					mm7	0	0	1, 5, 2, 4		4	1
4	4	4	4a	14	14	2.0	1/2	1/2	4/4	2	1	ii43	F	I		ii43	ii		43					mm7	0	0	3, 0, 2, -1		2	3
5	5	5	5a	16	16	1.0	0	0	4/4	2	1	IV	F	I		IV	IV							M	0	0	-1, 3, 0		-1	-1
5	5	5	5a	17	17	1.0	1/4	1/4	4/4	2	1	IVM7	F	I		IVM7	IV	M	7					MM7	0	0	-1, 3, 0, 4		-1	-1
5	5	5	5a	18	18	2.0	1/2	1/2	4/4	2	1	V2	F	I		V2	V		2					Mm7	0	0	-1, 1, 5, 2		1	-1
6	6	6	6a	20	20	1.0	0	0	4/4	2	1	I6(2)	F	I		I6(2)	I		6	2				M	0	0	4, 1, 2		0	4
6	6	6	6a	21	21	1.0	1/4	1/4	4/4	2	1	vi43	F	I		vi43	vi		43					mm7	0	0	4, 1, 3, 0		3	4
6	6	6	6a	22	22	0.5	1/2	1/2	4/4	2	1	ii7	F	I		ii7	ii		7					mm7	0	0	2, -1, 3, 0		2	2
6	6	6	6a	45/2	45/2	0.5	5/8	5/8	4/4	2	1	viio6	F	I		viio6	vii	o	6					o	0	0	2, -1, 5		5	2
6	6	6	6a	23	23	0.5	3/4	3/4	4/4	2	1	V7(42)	F	I		V7(42)	V		7	42				Mm7	0	0	3, 0, 2, -1		1	3
6	6	6	6a	47/2	47/2	0.5	7/8	7/8	4/4	2	1	V7	F	I		V7	V		7					Mm7	0	0	1, 5, 2, -1		1	1
7	7	7	7a	24	24	2.0	0	0	4/4	2	1	I|IAC}{	F	I		I	I					IAC	}{	M	0	0	0, 4, 1		0	0
7	7	7	7a	26	26	6.0	1/2	1/2	4/4	2	1	V7(+2)	F	I		V7(+2)	V		7	+2				Mm7	0	0	1, 5, 2, -1	3	1	1
9	9	9	9a	32	32	2.0	0	0	4/4	2	1	vii%7(2)/IV	F	I		vii%7(2)/IV	vii	%	7	2	IV			%7	0	0	-1, 1, -2, 2		4	-1
9	9	9	9a	34	34	2.0	1/2	1/2	4/4	2	1	vii%7/IV	F	I		vii%7/IV	vii	%	7		IV			%7	0	0	4, 1, -2, 2		4	4
10	10	10	10a	36	36	2.0	0	0	4/4	2	1	IVM7/IV	F	I		IVM7/IV	IV	M	7		IV			MM7	0	0	-2, 2, -1, 3		-2	-2
10	10	10	10a	38	38	2.0	1/2	1/2	4/4	2	1	V7(+2)/IV	F	I		V7(+2)/IV	V		7	+2	IV			Mm7	0	0	0, 4, 1, -2	2	0	0
11	11	11	11a	40	40	3.0	0	0	4/4	2	1	IV	F	I		IV	IV							M	0	0	-1, 3, 0		-1	-1
11	11	11	11a	43	43	1.0	3/4	3/4	4/4	2	1	V6	F	I		V6	V		6					M	0	0	5, 2, 1		1	5
12	12	12	12a	44	44	0.5	0	0	4/4	2	1	IV6	F	I		IV6	IV		6					M	0	0	3, 0, -1		-1	3
12	12	12	12a	89/2	89/2	1.0	1/8	1/8	4/4	2	1	V	F	I		V	V							M	0	0	1, 5, 2		1	1
12	12	12	12a	91/2	91/2	0.5	3/8	3/8	4/4	2	1	IV	F	I		IV	IV							M	0	0	-1, 3, 0		-1	-1
12	12	12	12a	46	46	0.5	1/2	1/2	4/4	2	1	iii	F	I		iii	iii							m	0	0	4, 1, 5		4	4
12	12	12	12a	93/2	93/2	1.0	5/8	5/8	4/4	2	1	ii	F	I		ii	ii							m	0	0	2, -1, 3		2	2
12	12	12	12a	95/2	95/2	0.5	7/8	7/8	4/4	2	1	I+	F	I		I+	I	+						+	0	0	0, 4, 8		0	0
13	13	13	13a	48	48	3.0	0	0	4/4	2	1	IV	F	I		IV	IV							M	0	0	-1, 3, 0		-1	-1
13	13	13	13a	51	51	1.0	3/4	3/4	4/4	2	1	V6	F	I		V6	V		6					M	0	0	5, 2, 1		1	5
14	14	14	14a	52	52	0.5	0	0	4/4	2	1	IV6	F	I		IV6	IV		6					M	0	0	3, 0, -1		-1	3
14	14	14	14a	105/2	105/2	1.0	1/8	1/8	4/4	2	1	V	F	I		V	V							M	0	0	1, 5, 2		1	1
14	14	14	14a	107/2	107/2	0.5	3/8	3/8	4/4	2	1	IV	F	I		IV	IV							M	0	0	-1, 3, 0		-1	-1
14	14	14	14a	54	54	0.5	1/2	1/2	4/4	2	1	iii	F	I		iii	iii							m	0	0	4, 1, 5		4	4
14	14	14	14a	109/2	109/2	1.0	5/8	5/8	4/4	2	1	ii	F	I		ii	ii							m	0	0	2, -1, 3		2	2
14	14	14	14a	111/2	111/2	0.5	7/8	7/8	4/4	2	1	I+	F	I		I+	I	+						+	0	0	0, 4, 8		0	0
15	15	15	15a	56	56	3.0	0	0	4/4	2	1	ii7	F	I		ii7	ii		7					mm7	0	0	2, -1, 3, 0		2	2
15	15	15	15a	59	59	0.5	3/4	3/4	4/4	2	1	viio6	F	I		viio6	vii	o	6					o	0	0	2, -1, 5		5	2
15	15	15	15a	119/2	119/2	0.5	7/8	7/8	4/4	2	1	IV64	F	I		IV64	IV		64					M	0	0	0, -1, 3		-1	0
16	16	16	16a	60	60	1.0	0	0	4/4	2	1	I	F	I		I	I							M	0	0	0, 4, 1		0	0
16	16	16	16a	61	61	0.5	1/4	1/4	4/4	2	1	IV6	F	I		IV6	IV		6					M	0	0	3, 0, -1		-1	3
16	16	16	16a	123/2	123/2	1.0	3/8	3/8	4/4	2	1	ii6	F	I		ii6	ii		6					m	0	0	-1, 3, 2		2	-1
16	16	16	16a	125/2	125/2	0.5	5/8	5/8	4/4	2	1	viio6	F	I		viio6	vii	o	6					o	0	0	2, -1, 5		5	2
16	16	16	16a	63	63	0.5	3/4	3/4	4/4	2	1	IV64	F	I		IV64	IV		64					M	0	0	0, -1, 3		-1	0
16	16	16	16a	127/2	127/2	1.0	7/8	7/8	4/4	2	1	IV6	F	I		IV6	IV		6					M	0	0	3, 0, -1		-1	3
17	17	17	17a	129/2	129/2	0.5	1/8	1/8	4/4	2	1	iii	F	I		iii	iii							m	0	0	4, 1, 5		4	4
17	17	17	17a	65	65	0.5	1/4	1/4	4/4	2	1	IVM7	F	I		IVM7	IV	M	7					MM7	0	0	-1, 3, 0, 4		-1	-1
17	17	17	17a	131/2	131/2	1.0	3/8	3/8	4/4	2	1	V	F	I		V	V							M	0	0	1, 5, 2		1	1
17	17	17	17a	133/2	133/2	0.5	5/8	5/8	4/4	2	1	iii	F	I		iii	iii							m	0	0	4, 1, 5		4	4
17	17	17	17a	67	67	0.5	3/4	3/4	4/4	2	1	vi	F	I		vi	vi							m	0	0	3, 0, 4		3	3
17	17	17	17a	135/2	135/2	0.5	7/8	7/8	4/4	2	1	V	F	I		V	V							M	0	0	1, 5, 2		1	1
18	18	18	18a	68	68	0.5	0	0	4/4	2	1	IV	F	I		IV	IV							M	0	0	-1, 3, 0		-1	-1
18	18	18	18a	137/2	137/2	0.5	1/8	1/8	4/4	2	1	I6	F	I		I6	I		6					M	0	0	4, 1, 0		0	4
18	18	18	18a	69	69	2.0	1/4	1/4	4/4	2	1	ii	F	I		ii	ii							m	0	0	2, -1, 3		2	2
18	18	18	18a	71	71	0.5	3/4	3/4	4/4	2	1	V7(4+2)	F	I		V7(4+2)	V		7	4+2				Mm7	0	0	1, 0, 2, -1	3	1	1
18	18	18	18a	143/2	143/2	0.5	7/8	7/8	4/4	2	1	V7(+2)	F	I		V7(+2)	V		7	+2				Mm7	0	0	1, 5, 2, -1	3	1	1
19	19	19	19a	72	72	1.0	0	0	4/4	2	1	I(64)|PAC	F	I		I(64)	I			64		PAC		M	0	0	0, -1, 3		0	0
19	19	19	19a	73	73	3.0	1/4	1/4	4/4	2	1	I}	F	I		I	I						}	M	0	0	0, 4, 1		0	0
20	20	20	20a	76	76	0.5	0	0	4/4	2	1	iii.i{	F	iii		i	i						{	m	0	1	0, -3, 1		0	0
20	20	20	20a	153/2	153/2	1.0	1/8	1/8	4/4	2	1	i(2)	F	iii		i(2)	i			2				m	0	1	2, -3, 1		0	2
20	20	20	20a	155/2	155/2	1.5	3/8	3/8	4/4	2	1	i	F	iii		i	i							m	0	1	0, -3, 1		0	0
20	20	20	20a	79	79	1.0	3/4	3/4	4/4	2	1	iv(+6)	F	iii		iv(+6)	iv			+6				m	0	1	-1, -4, 0	2	-1	-1
21	21	21	21a	80	80	0.5	0	0	4/4	2	1	i	F	iii		i	i							m	0	1	0, -3, 1		0	0
21	21	21	21a	161/2	161/2	1.0	1/8	1/8	4/4	2	1	i(2)	F	iii		i(2)	i			2				m	0	1	2, -3, 1		0	2
21	21	21	21a	163/2	163/2	1.5	3/8	3/8	4/4	2	1	i	F	iii		i	i							m	0	1	0, -3, 1		0	0
21	21	21	21a	83	83	0.5	3/4	3/4	4/4	2	1	iv7(6)	F	iii		iv7(6)	iv		7	6				mm7	0	1	-1, -4, 2, -3		-1	-1
21	21	21	21a	167/2	167/2	0.5	7/8	7/8	4/4	2	1	iv7	F	iii		iv7	iv		7					mm7	0	1	-1, -4, 0, -3		-1	-1
22	22	22	22a	84	84	0.5	0	0	4/4	2	1	V7(+2)/III	F	iii		V7(+2)/III	V		7	+2	III			Mm7	0	1	-2, 2, -1, -4	0	-2	-2
22	22	22	22a	169/2	169/2	1.0	1/8	1/8	4/4	2	1	III	F	iii		III	III							M	0	1	-3, 1, -2		-3	-3
22	22	22	22a	171/2	171/2	1.0	3/8	3/8	4/4	2	1	iv65	F	iii		iv65	iv		65					mm7	0	1	-4, 0, -3, -1		-1	-4
22	22	22	22a	173/2	173/2	0.5	5/8	5/8	4/4	2	1	i64	F	iii		i64	i		64					m	0	1	1, 0, -3		0	1
22	22	22	22a	87	87	1.0	3/4	3/4	4/4	2	1	iv7	F	iii		iv7	iv		7					mm7	0	1	-1, -4, 0, -3		-1	-1
23	23	23	23a	88	88	2.0	0	0	4/4	2	1	V7(+6)/III	F	iii		V7(+6)/III	V		7	+6	III			Mm7	0	1	-2, 2, -1, -4	1	-2	-2
23	23	23	23a	90	90	1.5	1/2	1/2	4/4	2	1	V7(+6+2)	F	iii		V7(+6+2)	V		7	+6+2				Mm7	0	1	1, 5, 2, -1	-3, -4	1	1
23	23	23	23a	183/2	183/2	0.5	7/8	7/8	4/4	2	1	v|HC}	F	iii		v	v					HC	}	m	0	1	1, -2, 2		1	1
24	24	24	24a	92	92	0.5	0	0	4/4	2	1	i{	F	iii		i	i						{	m	0	1	0, -3, 1		0	0
24	24	24	24a	185/2	185/2	1.0	1/8	1/8	4/4	2	1	i(2)	F	iii		i(2)	i			2				m	0	1	2, -3, 1		0	2
24	24	24	24a	187/2	187/2	1.5	3/8	3/8	4/4	2	1	i	F	iii		i	i							m	0	1	0, -3, 1		0	0
24	24	24	24a	95	95	1.0	3/4	3/4	4/4	2	1	iv(+6)	F	iii		iv(+6)	iv			+6				m	0	1	-1, -4, 0	2	-1	-1
25	25	25	25a	96	96	0.5	0	0	4/4	2	1	i	F	iii		i	i							m	0	1	0, -3, 1		0	0
25	25	25	25a	193/2	193/2	1.0	1/8	1/8	4/4	2	1	i(2)	F	iii		i(2)	i			2				m	0	1	2, -3, 1		0	2
25	25	25	25a	195/2	195/2	0.5	3/8	3/8	4/4	2	1	i	F	iii		i	i							m	0	1	0, -3, 1		0	0
25	25	25	25a	98	98	0.5	1/2	1/2	4/4	2	1	iv	F	iii		iv	iv							m	0	1	-1, -4, 0		-1	-1
25	25	25	25a	197/2	197/2	1.0	5/8	5/8	4/4	2	1	iv(2)	F	iii		iv(2)	iv			2				m	0	1	1, -4, 0		-1	1
25	25	25	25a	199/2	199/2	0.5	7/8	7/8	4/4	2	1	iv	F	iii		iv	iv							m	0	1	-1, -4, 0		-1	-1
26	26	26	26a	100	100	2.0	0	0	4/4	2	1	V7(+2)/III	F	iii		V7(+2)/III	V		7	+2	III			Mm7	0	1	-2, 2, -1, -4	0	-2	-2
26	26	26	26a	102	102	2.0	1/2	1/2	4/4	2	1	III(+6)	F	iii		III(+6)	III			+6				M	0	1	-3, 1, -2	0	-3	-3
27	27	27	27a	104	104	2.0	0	0	4/4	2	1	V7/III	F	iii		V7/III	V		7		III			Mm7	0	1	-2, 2, -1, -4		-2	-2
27	27	27	27a	106	106	2.0	1/2	1/2	4/4	2	1	III(+6)	F	iii		III(+6)	III			+6				M	0	1	-3, 1, -2	0	-3	-3
28	28	28	28a	108	108	2.0	0	0	4/4	2	1	V43(+2)/V	F	iii		V43(+2)/V	V		43	+2	V			Mm7	0	1	3, 0, 2, 6	4	2	3
28	28	28	28a	110	110	2.0	1/2	1/2	4/4	2	1	V	F	iii		V	V							M	0	1	1, 5, 2		1	1
29	29	29	29a	112	112	2.0	0	0	4/4	2	1	V43(+2)/V	F	iii		V43(+2)/V	V		43	+2	V			Mm7	0	1	3, 0, 2, 6	4	2	3
29	29	29	29a	114	114	2.0	1/2	1/2	4/4	2	1	V	F	iii		V	V							M	0	1	1, 5, 2		1	1
30	30	30	30a	116	116	1.0	0	0	4/4	2	1	iv	F	iii		iv	iv							m	0	1	-1, -4, 0		-1	-1
30	30	30	30a	117	117	1.0	1/4	1/4	4/4	2	1	ii%43	F	iii		ii%43	ii	%	43					%7	0	1	-4, 0, 2, -1		2	-4
30	30	30	30a	118	118	0.5	1/2	1/2	4/4	2	1	IIIM7	F	iii		IIIM7	III	M	7					MM7	0	1	-3, 1, -2, 2		-3	-3
30	30	30	30a	237/2	237/2	0.5	5/8	5/8	4/4	2	1	VI64	F	iii		VI64	VI		64					M	0	1	-3, -4, 0		-4	-3
30	30	30	30a	119	119	0.5	3/4	3/4	4/4	2	1	ii%7	F	iii		ii%7	ii	%	7					%7	0	1	2, -1, -4, 0		2	2
30	30	30	30a	239/2	239/2	0.5	7/8	7/8	4/4	2	1	v64	F	iii		v64	v		64					m	0	1	2, 1, -2		1	2
31	31	31	31a	120	120	0.5	0	0	4/4	2	1	i7	F	iii		i7	i		7					mm7	0	1	0, -3, 1, -2		0	0
31	31	31	31a	241/2	241/2	0.5	1/8	1/8	4/4	2	1	iv64	F	iii		iv64	iv		64					m	0	1	0, -1, -4		-1	0
31	31	31	31a	121	121	0.5	1/4	1/4	4/4	2	1	ii%2	F	iii		ii%2	ii	%	2					%7	0	1	0, 2, -1, -4		2	0
31	31	31	31a	243/2	243/2	0.5	3/8	3/8	4/4	2	1	VII	F	iii		VII	VII							M	0	1	-2, 2, -1		-2	-2
31	31	31	31a	122	122	0.5	1/2	1/2	4/4	2	1	iv65	F	iii		iv65	iv		65					mm7	0	1	-4, 0, -3, -1		-1	-4
31	31	31	31a	245/2	245/2	0.5	5/8	5/8	4/4	2	1	v7	F	iii		v7	v		7					mm7	0	1	1, -2, 2, -1		1	1
31	31	31	31a	123	123	0.5	3/4	3/4	4/4	2	1	iv7	F	iii		iv7	iv		7					mm7	0	1	-1, -4, 0, -3		-1	-1
31	31	31	31a	247/2	247/2	0.5	7/8	7/8	4/4	2	1	i6	F	iii		i6	i		6					m	0	1	-3, 1, 0		0	-3
32	32	32	32a	124	124	4.0	0	0	4/4	2	1	V7/V	F	iii		V7/V	V		7		V			Mm7	0	1	2, 6, 3, 0		2	2
33	33	33	33a	128	128	8.0	0	0	4/4	2	1	ii%43/V	F	iii		ii%43/V	ii	%	43		V			%7	0	1	-3, 1, 3, 0		3	-3
35	35	35	35a	136	136	0.5	0	0	4/4	2	1	V43|HC	F	iii		V43	V		43			HC		Mm7	0	1	2, -1, 1, 5		1	2
35	35	35	35a	273/2	273/2	3.5	1/8	1/8	4/4	2	1	V}	F	iii		V	V						}	M	0	1	1, 5, 2		1	1
36	36	36	36a	140	140	0.5	0	0	4/4	2	1	i{	F	iii		i	i						{	m	0	1	0, -3, 1		0	0
36	36	36	36a	281/2	281/2	1.0	1/8	1/8	4/4	2	1	i(2)	F	iii		i(2)	i			2				m	0	1	2, -3, 1		0	2
36	36	36	36a	283/2	283/2	1.5	3/8	3/8	4/4	2	1	i	F	iii		i	i							m	0	1	0, -3, 1		0	0
36	36	36	36a	143	143	1.0	3/4	3/4	4/4	2	1	iv(+6)	F	iii		iv(+6)	iv			+6				m	0	1	-1, -4, 0	2	-1	-1
37	37	37	37a	144	144	0.5	0	0	4/4	2	1	i	F	iii		i	i							m	0	1	0, -3, 1		0	0
37	37	37	37a	289/2	289/2	1.0	1/8	1/8	4/4	2	1	i(2)	F	iii		i(2)	i			2				m	0	1	2, -3, 1		0	2
37	37	37	37a	291/2	291/2	1.5	3/8	3/8	4/4	2	1	i	F	iii		i	i							m	0	1	0, -3, 1		0	0
37	37	37	37a	147	147	0.5	3/4	3/4	4/4	2	1	V7(6)/VII	F	iii		V7(6)/VII	V		7	6	VII			Mm7	0	1	-1, 3, 2, -3		-1	-1
37	37	37	37a	295/2	295/2	0.5	7/8	7/8	4/4	2	1	V7/VII	F	iii		V7/VII	V		7		VII			Mm7	0	1	-1, 3, 0, -3		-1	-1
38	38	38	38a	148	148	0.5	0	0	4/4	2	1	V7(+2)/III	F	iii		V7(+2)/III	V		7	+2	III			Mm7	0	1	-2, 2, -1, -4	0	-2	-2
38	38	38	38a	297/2	297/2	1.0	1/8	1/8	4/4	2	1	III	F	iii		III	III							M	0	1	-3, 1, -2		-3	-3
38	38	38	38a	299/2	299/2	1.0	3/8	3/8	4/4	2	1	iv65	F	iii		iv65	iv		65					mm7	0	1	-4, 0, -3, -1		-1	-4
38	38	38	38a	301/2	301/2	0.5	5/8	5/8	4/4	2	1	i64	F	iii		i64	i		64					m	0	1	1, 0, -3		0	1
38	38	38	38a	151	151	1.0	3/4	3/4	4/4	2	1	iv7	F	iii		iv7	iv		7					mm7	0	1	-1, -4, 0, -3		-1	-1
39	39	39	39a	152	152	2.0	0	0	4/4	2	1	V7(+6)/III	F	iii		V7(+6)/III	V		7	+6	III			Mm7	0	1	-2, 2, -1, -4	1	-2	-2
39	39	39	39a	154	154	1.5	1/2	1/2	4/4	2	1	V7(+6+2)	F	iii		V7(+6+2)	V		7	+6+2				Mm7	0	1	1, 5, 2, -1	-3, -4	1	1
39	39	39	39a	311/2	311/2	0.5	7/8	7/8	4/4	2	1	v|HC}	F	iii		v	v					HC	}	m	0	1	1, -2, 2		1	1
40	40	40	40a	156	156	0.5	0	0	4/4	2	1	i{	F	iii		i	i						{	m	0	1	0, -3, 1		0	0
40	40	40	40a	313/2	313/2	1.0	1/8	1/8	4/4	2	1	i(2)	F	iii		i(2)	i			2				m	0	1	2, -3, 1		0	2
40	40	40	40a	315/2	315/2	1.5	3/8	3/8	4/4	2	1	i	F	iii		i	i							m	0	1	0, -3, 1		0	0
40	40	40	40a	159	159	1.0	3/4	3/4	4/4	2	1	iv(+6)	F	iii		iv(+6)	iv			+6				m	0	1	-1, -4, 0	2	-1	-1
41	41	41	41a	160	160	0.5	0	0	4/4	2	1	i	F	iii		i	i							m	0	1	0, -3, 1		0	0
41	41	41	41a	321/2	321/2	1.0	1/8	1/8	4/4	2	1	i(2)	F	iii		i(2)	i			2				m	0	1	2, -3, 1		0	2
41	41	41	41a	323/2	323/2	0.5	3/8	3/8	4/4	2	1	i	F	iii		i	i							m	0	1	0, -3, 1		0	0
41	41	41	41a	162	162	0.5	1/2	1/2	4/4	2	1	I	F	iii		I	I							M	0	1	0, 4, 1		0	0
41	41	41	41a	325/2	325/2	1.0	5/8	5/8	4/4	2	1	I(2)	F	iii		I(2)	I			2				M	0	1	2, 4, 1		0	2
41	41	41	41a	327/2	327/2	0.5	7/8	7/8	4/4	2	1	I	F	iii		I	I							M	0	1	0, 4, 1		0	0
42	42	42	42a	164	164	0.5	0	0	4/4	2	1	VI	F	iii		VI	VI							M	0	1	-4, 0, -3		-4	-4
42	42	42	42a	329/2	329/2	1.0	1/8	1/8	4/4	2	1	V7(6)/III	F	iii		V7(6)/III	V		7	6	III			Mm7	0	1	-2, 2, 1, -4		-2	-2
42	42	42	42a	331/2	331/2	0.5	3/8	3/8	4/4	2	1	V7/III	F	iii		V7/III	V		7		III			Mm7	0	1	-2, 2, -1, -4		-2	-2
42	42	42	42a	166	166	0.5	1/2	1/2	4/4	2	1	i	F	iii		i	i							m	0	1	0, -3, 1		0	0
42	42	42	42a	333/2	333/2	1.0	5/8	5/8	4/4	2	1	iv	F	iii		iv	iv							m	0	1	-1, -4, 0		-1	-1
42	42	42	42a	335/2	335/2	1.0	7/8	7/8	4/4	2	1	v	F	iii		v	v							m	0	1	1, -2, 2		1	1
43	43	43	43a	337/2	337/2	1.0	1/8	1/8	4/4	2	1	i	F	iii		i	i							m	0	1	0, -3, 1		0	0
43	43	43	43a	339/2	339/2	0.5	3/8	3/8	4/4	2	1	V7/III	F	iii		V7/III	V		7		III			Mm7	0	1	-2, 2, -1, -4		-2	-2
43	43	43	43a	170	170	2.0	1/2	1/2	4/4	2	1	i|PAC}	F	iii		i	i					PAC	}	m	0	1	0, -3, 1		0	0
44	44	44	44a	172	172	1.0	0	0	4/4	2	1	I.V2{	F	I		V2	V		2				{	Mm7	0	0	-1, 1, 5, 2		1	-1
44	44	44	44a	173	173	1.0	1/4	1/4	4/4	2	1	iii	F	I		iii	iii							m	0	0	4, 1, 5		4	4
44	44	44	44a	174	174	1.0	1/2	1/2	4/4	2	1	V64	F	I		V64	V		64					M	0	0	2, 1, 5		1	2
44	44	44	44a	175	175	0.5	3/4	3/4	4/4	2	1	I(72)	F	I		I(72)	I			72				M	0	0	2, 4, 1	5	0	2
44	44	44	44a	351/2	351/2	0.5	7/8	7/8	4/4	2	1	I	F	I		I	I							M	0	0	0, 4, 1		0	0
45	45	45	45a	176	176	0.5	0	0	4/4	2	1	V65	F	I		V65	V		65					Mm7	0	0	5, 2, -1, 1		1	5
45	45	45	45a	353/2	353/2	0.5	1/8	1/8	4/4	2	1	iii64	F	I		iii64	iii		64					m	0	0	5, 4, 1		4	5
45	45	45	45a	177	177	0.5	1/4	1/4	4/4	2	1	IV6	F	I		IV6	IV		6					M	0	0	3, 0, -1		-1	3
45	45	45	45a	355/2	355/2	0.5	3/8	3/8	4/4	2	1	vi7	F	I		vi7	vi		7					mm7	0	0	3, 0, 4, 1		3	3
45	45	45	45a	178	178	0.5	1/2	1/2	4/4	2	1	V7(2)	F	I		V7(2)	V		7	2				Mm7	0	0	3, 5, 2, -1		1	3
45	45	45	45a	357/2	357/2	0.5	5/8	5/8	4/4	2	1	I64	F	I		I64	I		64					M	0	0	1, 0, 4		0	1
45	45	45	45a	179	179	0.5	3/4	3/4	4/4	2	1	vi7	F	I		vi7	vi		7					mm7	0	0	3, 0, 4, 1		3	3
45	45	45	45a	359/2	359/2	0.5	7/8	7/8	4/4	2	1	IV6	F	I		IV6	IV		6					M	0	0	3, 0, -1		-1	3
46	46	46	46a	180	180	1.0	0	0	4/4	2	1	V2	F	I		V2	V		2					Mm7	0	0	-1, 1, 5, 2		1	-1
46	46	46	46a	181	181	1.0	1/4	1/4	4/4	2	1	iii	F	I		iii	iii							m	0	0	4, 1, 5		4	4
46	46	46	46a	182	182	1.0	1/2	1/2	4/4	2	1	V64	F	I		V64	V		64					M	0	0	2, 1, 5		1	2
46	46	46	46a	183	183	0.5	3/4	3/4	4/4	2	1	I(72)	F	I		I(72)	I			72				M	0	0	2, 4, 1	5	0	2
46	46	46	46a	367/2	367/2	0.5	7/8	7/8	4/4	2	1	I	F	I		I	I							M	0	0	0, 4, 1		0	0
47	47	47	47a	184	184	0.5	0	0	4/4	2	1	V65	F	I		V65	V		65					Mm7	0	0	5, 2, -1, 1		1	5
47	47	47	47a	369/2	369/2	0.5	1/8	1/8	4/4	2	1	iii64	F	I		iii64	iii		64					m	0	0	5, 4, 1		4	5
47	47	47	47a	185	185	0.5	1/4	1/4	4/4	2	1	IV6	F	I		IV6	IV		6					M	0	0	3, 0, -1		-1	3
47	47	47	47a	371/2	371/2	0.5	3/8	3/8	4/4	2	1	vi7	F	I		vi7	vi		7					mm7	0	0	3, 0, 4, 1		3	3
47	47	47	47a	186	186	0.5	1/2	1/2	4/4	2	1	V7(2)	F	I		V7(2)	V		7	2				Mm7	0	0	3, 5, 2, -1		1	3
47	47	47	47a	373/2	373/2	1.0	5/8	5/8	4/4	2	1	I64	F	I		I64	I		64					M	0	0	1, 0, 4		0	1
47	47	47	47a	375/2	375/2	0.5	7/8	7/8	4/4	2	1	V7	F	I		V7	V		7					Mm7	0	0	1, 5, 2, -1		1	1
48	48	48	48a	188	188	1.0	0	0	4/4	2	1	IV.V2	F	IV		V2	V		2					Mm7	0	0	-1, 1, 5, 2		1	-1
48	48	48	48a	189	189	1.0	1/4	1/4	4/4	2	1	iii	F	IV		iii	iii							m	0	0	4, 1, 5		4	4
48	48	48	48a	190	190	1.0	1/2	1/2	4/4	2	1	V64	F	IV		V64	V		64					M	0	0	2, 1, 5		1	2
48	48	48	48a	191	191	0.5	3/4	3/4	4/4	2	1	I(72)	F	IV		I(72)	I			72				M	0	0	2, 4, 1	5	0	2
48	48	48	48a	383/2	383/2	0.5	7/8	7/8	4/4	2	1	I	F	IV		I	I							M	0	0	0, 4, 1		0	0
49	49	49	49a	192	192	1.0	0	0	4/4	2	1	V65	F	IV		V65	V		65					Mm7	0	0	5, 2, -1, 1		1	5
49	49	49	49a	193	193	0.5	1/4	1/4	4/4	2	1	ii64	F	IV		ii64	ii		64					m	0	0	3, 2, -1		2	3
49	49	49	49a	387/2	387/2	0.5	3/8	3/8	4/4	2	1	ii43	F	IV		ii43	ii		43					mm7	0	0	3, 0, 2, -1		2	3
49	49	49	49a	194	194	1.0	1/2	1/2	4/4	2	1	V7	F	IV		V7	V		7					Mm7	0	0	1, 5, 2, -1		1	1
49	49	49	49a	195	195	1.0	3/4	3/4	4/4	2	1	ii64	F	IV		ii64	ii		64					m	0	0	3, 2, -1		2	3
50	50	50	50a	196	196	1.0	0	0	4/4	2	1	V2	F	IV		V2	V		2					Mm7	0	0	-1, 1, 5, 2		1	-1
50	50	50	50a	197	197	1.0	1/4	1/4	4/4	2	1	iii	F	IV		iii	iii							m	0	0	4, 1, 5		4	4
50	50	50	50a	198	198	1.0	1/2	1/2	4/4	2	1	V64	F	IV		V64	V		64					M	0	0	2, 1, 5		1	2
50	50	50	50a	199	199	0.5	3/4	3/4	4/4	2	1	I(72)	F	IV		I(72)	I			72				M	0	0	2, 4, 1	5	0	2
50	50	50	50a	399/2	399/2	0.5	7/8	7/8	4/4	2	1	I	F	IV		I	I							M	0	0	0, 4, 1		0	0
51	51	51	51a	200	200	1.0	0	0	4/4	2	1	V65	F	IV		V65	V		65					Mm7	0	0	5, 2, -1, 1		1	5
51	51	51	51a	201	201	0.5	1/4	1/4	4/4	2	1	ii64	F	IV		ii64	ii		64					m	0	0	3, 2, -1		2	3
51	51	51	51a	403/2	403/2	0.5	3/8	3/8	4/4	2	1	ii43	F	IV		ii43	ii		43					mm7	0	0	3, 0, 2, -1		2	3
51	51	51	51a	202	202	2.0	1/2	1/2	4/4	2	1	V7	F	IV		V7	V		7					Mm7	0	0	1, 5, 2, -1		1	1
52	52	52	52a	204	204	4.0	0	0	4/4	2	1	I[IM7(+2)	F	IV	I	IM7(+2)	I	M	7	+2				MM7	0	0	0, 4, 1, 5	2	0	0
53	53	53	53a	208	208	4.0	0	0	4/4	2	1	viio43(+2)/V	F	IV	I	viio43(+2)/V	vii	o	43	+2	V			o7	0	0	0, -3, 6, 3	1	6	0
54	54	54	54a	212	212	4.0	0	0	4/4	2	1	IM7(+2)	F	IV	I	IM7(+2)	I	M	7	+2				MM7	0	0	0, 4, 1, 5	2	0	0
55	55	55	55a	216	216	4.0	0	0	4/4	2	1	viio43(+2)/V]	F	IV	I	viio43(+2)/V	vii	o	43	+2	V			o7	0	0	0, -3, 6, 3	1	6	0
56	56	56	56a	220	220	4.0	0	0	4/4	2	1	III.IM7(+2)	F	III		IM7(+2)	I	M	7	+2				MM7	0	0	0, 4, 1, 5	2	0	0
57	57	57	57a	224	224	4.0	0	0	4/4	2	1	viio65/V	F	III		viio65/V	vii	o	65		V			o7	0	0	3, 0, -3, 6		6	3
58	58	58	58a	228	228	4.0	0	0	4/4	2	1	IM7(+2)	F	III		IM7(+2)	I	M	7	+2				MM7	0	0	0, 4, 1, 5	2	0	0
59	59	59	59a	232	232	4.0	0	0	4/4	2	1	viio65/V	F	III		viio65/V	vii	o	65		V			o7	0	0	3, 0, -3, 6		6	3
60	60	60	60a	236	236	1.0	0	0	4/4	2	1	I.vii%65	F	I		vii%65	vii	%	65					%7	0	0	2, -1, 3, 5		5	2
60	60	60	60a	237	237	0.5	1/4	1/4	4/4	2	1	iii6	F	I		iii6	iii		6					m	0	0	1, 5, 4		4	1
60	60	60	60a	475/2	475/2	0.5	3/8	3/8	4/4	2	1	V7	F	I		V7	V		7					Mm7	0	0	1, 5, 2, -1		1	1
60	60	60	60a	238	238	1.0	1/2	1/2	4/4	2	1	vii%65	F	I		vii%65	vii	%	65					%7	0	0	2, -1, 3, 5		5	2
60	60	60	60a	239	239	0.5	3/4	3/4	4/4	2	1	iii6	F	I		iii6	iii		6					m	0	0	1, 5, 4		4	1
60	60	60	60a	479/2	479/2	0.5	7/8	7/8	4/4	2	1	V7	F	I		V7	V		7					Mm7	0	0	1, 5, 2, -1		1	1
61	61	61	61a	240	240	4.0	0	0	4/4	2	1	ii7	F	I		ii7	ii		7					mm7	0	0	2, -1, 3, 0		2	2
62	62	62	62a	244	244	1.0	0	0	4/4	2	1	vii%65	F	I		vii%65	vii	%	65					%7	0	0	2, -1, 3, 5		5	2
62	62	62	62a	245	245	0.5	1/4	1/4	4/4	2	1	iii6	F	I		iii6	iii		6					m	0	0	1, 5, 4		4	1
62	62	62	62a	491/2	491/2	0.5	3/8	3/8	4/4	2	1	V7	F	I		V7	V		7					Mm7	0	0	1, 5, 2, -1		1	1
62	62	62	62a	246	246	1.0	1/2	1/2	4/4	2	1	vii%65	F	I		vii%65	vii	%	65					%7	0	0	2, -1, 3, 5		5	2
62	62	62	62a	247	247	0.5	3/4	3/4	4/4	2	1	iii6	F	I		iii6	iii		6					m	0	0	1, 5, 4		4	1
62	62	62	62a	495/2	495/2	0.5	7/8	7/8	4/4	2	1	V7	F	I		V7	V		7					Mm7	0	0	1, 5, 2, -1		1	1
63	63	63	63a	248	248	4.0	0	0	4/4	2	1	ii7	F	I		ii7	ii		7					mm7	0	0	2, -1, 3, 0		2	2
64	64	64	64a	252	252	4.0	0	0	4/4	2	1	IVM7	F	I		IVM7	IV	M	7					MM7	0	0	-1, 3, 0, 4		-1	-1
65	65	65	65a	256	256	4.0	0	0	4/4	2	1	V7(+4+2)	F	I		V7(+4+2)	V		7	+4+2				Mm7	0	0	1, 5, 2, -1	0, 3	1	1
66	66	66	66a	260	260	2.0	0	0	4/4	2	1	I(+2)|IAC}{	F	I		I(+2)	I			+2		IAC	}{	M	0	0	0, 4, 1	2	0	0
66	66	66	66a	262	262	6.0	1/2	1/2	4/4	2	1	V7(+2)	F	I		V7(+2)	V		7	+2				Mm7	0	0	1, 5, 2, -1	3	1	1
68	68	68	68a	268	268	2.0	0	0	4/4	2	1	I+(+2)	F	I		I+(+2)	I	+		+2				+	0	0	0, 4, 8	2	0	0
68	68	68	68a	270	270	2.0	1/2	1/2	4/4	2	1	IVM7(+2)	F	I		IVM7(+2)	IV	M	7	+2				MM7	0	0	-1, 3, 0, 4	1	-1	-1
69	69	69	69a	272	272	2.0	0	0	4/4	2	1	V43(+2)/IV	F	I		V43(+2)/IV	V		43	+2	IV			Mm7	0	0	1, -2, 0, 4	2	0	1
69	69	69	69a	274	274	2.0	1/2	1/2	4/4	2	1	vi	F	I		vi	vi							m	0	0	3, 0, 4		3	3
70	70	70	70a	276	276	1.0	0	0	4/4	2	1	IV	F	I		IV	IV							M	0	0	-1, 3, 0		-1	-1
70	70	70	70a	277	277	1.0	1/4	1/4	4/4	2	1	IVM7	F	I		IVM7	IV	M	7					MM7	0	0	-1, 3, 0, 4		-1	-1
70	70	70	70a	278	278	2.0	1/2	1/2	4/4	2	1	V2	F	I		V2	V		2					Mm7	0	0	-1, 1, 5, 2		1	-1
71	71	71	71a	280	280	1.0	0	0	4/4	2	1	I6(2)	F	I		I6(2)	I		6	2				M	0	0	4, 1, 2		0	4
71	71	71	71a	281	281	1.0	1/4	1/4	4/4	2	1	vi43	F	I		vi43	vi		43					mm7	0	0	4, 1, 3, 0		3	4
71	71	71	71a	282	282	0.5	1/2	1/2	4/4	2	1	ii7	F	I		ii7	ii		7					mm7	0	0	2, -1, 3, 0		2	2
71	71	71	71a	565/2	565/2	0.5	5/8	5/8	4/4	2	1	viio6	F	I		viio6	vii	o	6					o	0	0	2, -1, 5		5	2
71	71	71	71a	283	283	0.5	3/4	3/4	4/4	2	1	V7(42)	F	I		V7(42)	V		7	42				Mm7	0	0	3, 0, 2, -1		1	3
71	71	71	71a	567/2	567/2	0.5	7/8	7/8	4/4	2	1	V7	F	I		V7	V		7					Mm7	0	0	1, 5, 2, -1		1	1
72	72	72	72a	284	284	2.0	0	0	4/4	2	1	I|IAC}{	F	I		I	I					IAC	}{	M	0	0	0, 4, 1		0	0
72	72	72	72a	286	286	6.0	1/2	1/2	4/4	2	1	V7(+2)	F	I		V7(+2)	V		7	+2				Mm7	0	0	1, 5, 2, -1	3	1	1
74	74	74	74a	292	292	2.0	0	0	4/4	2	1	vi(+4)	F	I		vi(+4)	vi			+4				m	0	0	3, 0, 4	2	3	3
74	74	74	74a	294	294	2.0	1/2	1/2	4/4	2	1	ii	F	I		ii	ii							m	0	0	2, -1, 3		2	2
75	75	75	75a	296	296	2.0	0	0	4/4	2	1	vi(+4)	F	I		vi(+4)	vi			+4				m	0	0	3, 0, 4	2	3	3
75	75	75	75a	298	298	2.0	1/2	1/2	4/4	2	1	V/V	F	I		V/V	V				V			M	0	0	2, 6, 3		2	2
76	76	76	76a	300	300	1.0	0	0	4/4	2	1	V[V7	F	I	V	V7	V		7					Mm7	0	0	1, 5, 2, -1		1	1
76	76	76	76a	301	301	0.5	1/4	1/4	4/4	2	1	I6	F	I	V	I6	I		6					M	0	0	4, 1, 0		0	4
76	76	76	76a	603/2	603/2	0.5	3/8	3/8	4/4	2	1	IV6	F	I	V	IV6	IV		6					M	0	0	3, 0, -1		-1	3
76	76	76	76a	302	302	0.5	1/2	1/2	4/4	2	1	ii6	F	I	V	ii6	ii		6					m	0	0	-1, 3, 2		2	-1
76	76	76	76a	605/2	605/2	0.5	5/8	5/8	4/4	2	1	V6	F	I	V	V6	V		6					M	0	0	5, 2, 1		1	5
76	76	76	76a	303	303	0.5	3/4	3/4	4/4	2	1	iii6	F	I	V	iii6	iii		6					m	0	0	1, 5, 4		4	1
76	76	76	76a	607/2	607/2	0.5	7/8	7/8	4/4	2	1	vi6]	F	I	V	vi6	vi		6					m	0	0	0, 4, 3		3	0
77	77	77	77a	304	304	0.5	0	0	4/4	2	1	IV6	F	I		IV6	IV		6					M	0	0	3, 0, -1		-1	3
77	77	77	77a	609/2	609/2	0.5	1/8	1/8	4/4	2	1	viio6	F	I		viio6	vii	o	6					o	0	0	2, -1, 5		5	2
77	77	77	77a	305	305	0.5	1/4	1/4	4/4	2	1	V6	F	I		V6	V		6					M	0	0	5, 2, 1		1	5
77	77	77	77a	611/2	611/2	0.5	3/8	3/8	4/4	2	1	I6	F	I		I6	I		6					M	0	0	4, 1, 0		0	4
77	77	77	77a	306	306	0.5	1/2	1/2	4/4	2	1	vi6	F	I		vi6	vi		6					m	0	0	0, 4, 3		3	0
77	77	77	77a	613/2	613/2	0.5	5/8	5/8	4/4	2	1	ii6	F	I		ii6	ii		6					m	0	0	-1, 3, 2		2	-1
77	77	77	77a	307	307	0.5	3/4	3/4	4/4	2	1	viio6	F	I		viio6	vii	o	6					o	0	0	2, -1, 5		5	2
77	77	77	77a	615/2	615/2	0.5	7/8	7/8	4/4	2	1	iii6	F	I		iii6	iii		6					m	0	0	1, 5, 4		4	1
78	78	78	78a	308	308	4.0	0	0	4/4	2	1	IV(+6)	F	I		IV(+6)	IV			+6				M	0	0	-1, 3, 0	2	-1	-1
79	79	79	79a	312	312	4.0	0	0	4/4	2	1	V43(+2)	F	I		V43(+2)	V		43	+2				Mm7	0	0	2, -1, 1, 5	3	1	2
80	80	80	80a	316	316	4.0	0	0	4/4	2	1	V7(+2)	F	I		V7(+2)	V		7	+2				Mm7	0	0	1, 5, 2, -1	3	1	1
81	81	81	81a	320	320	1.0	0	0	4/4	2	1	I|IAC}{	F	I		I	I					IAC	}{	M	0	0	0, 4, 1		0	0
81	81	81	81a	321	321	2.0	1/4	1/4	4/4	2	1	vii%65/IV	F	I		vii%65/IV	vii	%	65		IV			%7	0	0	1, -2, 2, 4		4	1
81	81	81	81a	323	323	1.0	3/4	3/4	4/4	2	1	V43(+6)/IV	F	I		V43(+6)/IV	V		43	+6	IV			Mm7	0	0	1, -2, 0, 4	3	0	1
82	82	82	82a	324	324	2.0	0	0	4/4	2	1	V43/IV	F	I		V43/IV	V		43		IV			Mm7	0	0	1, -2, 0, 4		0	1
82	82	82	82a	326	326	1.0	1/2	1/2	4/4	2	1	V7	F	I		V7	V		7					Mm7	0	0	1, 5, 2, -1		1	1
82	82	82	82a	327	327	1.0	3/4	3/4	4/4	2	1	V7(+2)	F	I		V7(+2)	V		7	+2				Mm7	0	0	1, 5, 2, -1	3	1	1
83	83	83	83a	328	328	1.0	0	0	4/4	2	1	I	F	I		I	I							M	0	0	0, 4, 1		0	0
83	83	83	83a	329	329	2.0	1/4	1/4	4/4	2	1	vii%65/IV	F	I		vii%65/IV	vii	%	65		IV			%7	0	0	1, -2, 2, 4		4	1
83	83	83	83a	331	331	1.0	3/4	3/4	4/4	2	1	V43(+6)/IV	F	I		V43(+6)/IV	V		43	+6	IV			Mm7	0	0	1, -2, 0, 4	3	0	1
84	84	84	84a	332	332	2.0	0	0	4/4	2	1	V43/IV	F	I		V43/IV	V		43		IV			Mm7	0	0	1, -2, 0, 4		0	1
84	84	84	84a	334	334	1.0	1/2	1/2	4/4	2	1	V7	F	I		V7	V		7					Mm7	0	0	1, 5, 2, -1		1	1
84	84	84	84a	335	335	1.0	3/4	3/4	4/4	2	1	V7(+2)	F	I		V7(+2)	V		7	+2				Mm7	0	0	1, 5, 2, -1	3	1	1
85	85	85	85a	336	336	3.0	0	0	4/4	2	1	IV	F	I		IV	IV							M	0	0	-1, 3, 0		-1	-1
85	85	85	85a	339	339	0.5	3/4	3/4	4/4	2	1	vi64	F	I		vi64	vi		64					m	0	0	4, 3, 0		3	4
85	85	85	85a	679/2	679/2	4.5	7/8	7/8	4/4	2	1	ii	F	I		ii	ii							m	0	0	2, -1, 3		2	2
87	87	87	87a	344	344	2.0	0	0	4/4	2	1	IV6(+2)	F	I		IV6(+2)	IV		6	+2				M	0	0	3, 0, -1	1	-1	3
87	87	87	87a	346	346	1.0	1/2	1/2	4/4	2	1	I64	F	I		I64	I		64					M	0	0	1, 0, 4		0	1
87	87	87	87a	347	347	1.0	3/4	3/4	4/4	2	1	IV(+6)	F	I		IV(+6)	IV			+6				M	0	0	-1, 3, 0	2	-1	-1
88	88	88	88a	348	348	8.0	0	0	4/4	2	1	I|PC}	F	I		I	I					PC	}	M	0	0	0, 4, 1		0	0
