mc	mn	mc_onset	mn_onset	timesig	staff	voice	label	offset_x	offset_y	offset	alt_label	globalkey	localkey	pedal	chord	numeral	form	figbass	changes	relativeroot	cadence	phraseend	chord_type	globalkey_is_minor	localkey_is_minor	chord_tones	added_tones	root	bass_note	n_colored	n_untouched	count_ratio	dur_colored	dur_untouched	dur_ratio
1	1	0	0	3/4	2	1	a.iv7(+6){	0	-3.00749	/		a	i		iv7(+6)	iv		7	+6			{	mm7	1	1	2, -1, 3, 0	5	2.0	2.0	0	21	0.0	0.0	1.75	0.0
2	2	0	0	3/4	2	1	i					a	i		i	i							m	1	1	3, 0, 4		3.0	3.0	2	5	0.2857142857142857	0.125	0.5	0.2
2	2	1/4	1/4	3/4	2	1	V7/VII					a	i		V7/VII	V		7		VII			Mm7	1	1	2, 6, 3, 0		2.0	2.0	2	7	0.2222222222222222	0.08333333333333333	0.5416666666666666	0.13333333333333333
2	2	1/2	1/2	3/4	2	1	i					a	i		i	i							m	1	1	3, 0, 4		3.0	3.0	1	5	0.16666666666666666	0.0625	0.5625	0.1
3	3	0	0	3/4	2	1	V					a	i		V	V							M	1	1	4, 8, 5		4.0	4.0	2	5	0.2857142857142857	0.125	0.5	0.2
3	3	1/4	1/4	3/4	2	1	V7(+4+2)					a	i		V7(+4+2)	V		7	+4+2				Mm7	1	1	4, 8, 5, 2	3, -1	4.0	4.0	6	9	0.4	0.5	0.875	0.36363636363636365
4	4	0	0	3/4	2	1	V					a	i		V	V							M	1	1	4, 8, 5		4.0	4.0	6	11	0.35294117647058826	0.375	1.875	0.16666666666666666
4	4	1/2	1/2	3/4	2	1	V7					a	i		V7	V		7					Mm7	1	1	4, 8, 5, 2		4.0	4.0	2	6	0.25	0.125	0.625	0.16666666666666666
5	5	0	0	3/4	2	1	VIM7(+2)|DC					a	i		VIM7(+2)	VI	M	7	+2		DC		MM7	1	1	-1, 3, 0, 4	1	-1.0	-1.0	2	11	0.15384615384615385	0.09375	1.15625	0.075
5	5	1/4	1/4	3/4	2	1	ii7/VI					a	i		ii7/VI	ii		7		VI			mm7	1	1	1, -2, 2, -1		1.0	1.0	2	7	0.2222222222222222	0.125	1.125	0.1
5	5	1/2	1/2	3/4	2	1	V7(+2)/VI					a	i		V7(+2)/VI	V		7	+2	VI			Mm7	1	1	0, 4, 1, -2	2	0.0	0.0	2	11	0.15384615384615385	0.09375	1.15625	0.075
6	6	0	0	3/4	2	1	VI					a	i		VI	VI							M	1	1	-1, 3, 0		-1.0	-1.0	2	5	0.2857142857142857	0.125	0.5	0.2
6	6	1/8	1/8	3/4	2	1	iv					a	i		iv	iv							m	1	1	2, -1, 3		2.0	2.0	0	5	0.0	0.0	0.625	0.0
6	6	1/4	1/4	3/4	2	1	VIM7(+2)	0	-5.5	/		a	i		VIM7(+2)	VI	M	7	+2				MM7	1	1	-1, 3, 0, 4	1	-1.0	-1.0	2	12	0.14285714285714285	0.09375	1.40625	0.0625
6	6	1/2	1/2	3/4	2	1	ii7/VI	0	-3.5	/		a	i		ii7/VI	ii		7		VI			mm7	1	1	1, -2, 2, -1		1.0	1.0	2	8	0.2	0.125	1.375	0.08333333333333333
7	7	0	0	3/4	2	1	V7(+2)/VI	0	-4.5	/		a	i		V7(+2)/VI	V		7	+2	VI			Mm7	1	1	0, 4, 1, -2	2	0.0	0.0	2	12	0.14285714285714285	0.09375	1.40625	0.0625
7	7	1/4	1/4	3/4	2	1	VI					a	i		VI	VI							M	1	1	-1, 3, 0		-1.0	-1.0	3	6	0.3333333333333333	0.1875	0.8125	0.1875
7	7	1/2	1/2	3/4	2	1	iv					a	i		iv	iv							m	1	1	2, -1, 3		2.0	2.0	3	5	0.375	0.1875	0.8125	0.1875
8	8	0	0	3/4	2	1	V65(+2)/III					a	i		V65(+2)/III	V		65	+2	III			Mm7	1	1	5, 2, -1, 1	3	1.0	5.0	0	7	0.0	0.0	1.75	0.0
8	8	1/4	1/4	3/4	2	1	V7/III					a	i		V7/III	V		7		III			Mm7	1	1	1, 5, 2, -1		1.0	1.0	2	4	0.3333333333333333	0.125	0.375	0.25
8	8	1/2	1/2	3/4	2	1	V65(+2)/III					a	i		V65(+2)/III	V		65	+2	III			Mm7	1	1	5, 2, -1, 1	3	1.0	5.0	0	4	0.0	0.0	0.5	0.0
8	8	5/8	5/8	3/4	2	1	v64					a	i		v64	v		64					m	1	1	5, 4, 1		4.0	5.0	0	4	0.0	0.0	0.25	0.0
9	9	0	0	3/4	2	1	V65(+2)/III					a	i		V65(+2)/III	V		65	+2	III			Mm7	1	1	5, 2, -1, 1	3	1.0	5.0	0	7	0.0	0.0	1.75	0.0
9	9	1/4	1/4	3/4	2	1	V7/III					a	i		V7/III	V		7		III			Mm7	1	1	1, 5, 2, -1		1.0	1.0	2	4	0.3333333333333333	0.125	0.375	0.25
9	9	1/2	1/2	3/4	2	1	V65(+2)/III					a	i		V65(+2)/III	V		65	+2	III			Mm7	1	1	5, 2, -1, 1	3	1.0	5.0	0	7	0.0	0.0	0.75	0.0
10	10	0	0	3/4	2	1	III+					a	i		III+	III	+						+	1	1	0, 4, 8		0.0	0.0	6	9	0.4	0.375	2.625	0.125
11	11	0	0	3/4	2	1	V43					a	i		V43	V		43					Mm7	1	1	5, 2, 4, 8		4.0	5.0	5	10	0.3333333333333333	0.3125	2.6875	0.10416666666666667
12	12	0	0	3/4	2	1	iv7(+6)|DC					a	i		iv7(+6)	iv		7	+6		DC		mm7	1	1	2, -1, 3, 0	5	2.0	2.0	0	26	0.0	0.0	2.625	0.0
13	13	0	0	3/4	2	1	IV7(+6)					a	i		IV7(+6)	IV		7	+6				Mm7	1	1	2, 6, 3, 0	5	2.0	2.0	4	24	0.14285714285714285	0.2708333333333333	2.3541666666666665	0.10317460317460317
14	14	0	0	3/4	2	1	iv7(+6)	0	-3.5	/		a	i		iv7(+6)	iv		7	+6				mm7	1	1	2, -1, 3, 0	5	2.0	2.0	0	26	0.0	0.0	2.625	0.0
15	15	0	0	3/4	2	1	IV7(+6)					a	i		IV7(+6)	IV		7	+6				Mm7	1	1	2, 6, 3, 0	5	2.0	2.0	8	19	0.2962962962962963	0.5416666666666666	1.2083333333333333	0.3095238095238095
16	16	0	0	3/4	2	1	i					a	i		i	i							m	1	1	3, 0, 4		3.0	3.0	2	6	0.25	0.125	0.5	0.2
16	16	1/8	1/8	3/4	2	1	v6					a	i		v6	v		6					m	1	1	1, 5, 4		4.0	1.0	0	6	0.0	0.0	0.75	0.0
16	16	1/4	1/4	3/4	2	1	V43/V					a	i		V43/V	V		43		V			Mm7	1	1	6, 3, 5, 9		5.0	6.0	0	6	0.0	0.0	0.5	0.0
16	16	3/8	3/8	3/4	2	1	vi					a	i		vi	vi							m	1	1	-1, -4, 0		-1.0	-1.0	0	6	0.0	0.0	0.75	0.0
16	16	1/2	1/2	3/4	2	1	III6					a	i		III6	III		6					M	1	1	4, 1, 0		0.0	4.0	0	6	0.0	0.0	0.75	0.0
16	16	5/8	5/8	3/4	2	1	viio/V					a	i		viio/V	vii	o			V			o	1	1	9, 6, 3		9.0	9.0	2	4	0.3333333333333333	0.25	0.5	0.3333333333333333
17	17	0	0	3/4	2	1	iv					a	i		iv	iv							m	1	1	2, -1, 3		2.0	2.0	2	4	0.3333333333333333	0.25	0.5	0.3333333333333333
17	17	1/8	1/8	3/4	2	1	I6					a	i		I6	I		6					M	1	1	7, 4, 3		3.0	7.0	0	4	0.0	0.0	1.0	0.0
17	17	1/4	1/4	3/4	2	1	i6					a	i		i6	i		6					m	1	1	0, 4, 3		3.0	0.0	2	2	0.5	0.25	0.25	0.5
17	17	1/2	1/2	3/4	2	1	v%7					a	i		v%7	v	%	7					%7	1	1	4, 1, -2, 2		4.0	4.0	0	7	0.0	0.0	1.125	0.0
18	18	0	0	3/4	2	1	i|PAC}{					a	i		i	i					PAC	}{	m	1	1	3, 0, 4		3.0	3.0	0	5	0.0	0.0	0.375	0.0
18	18	3/16	3/16	3/4	2	1	v7				V7	a	i		v7	v		7					mm7	1	1	4, 1, 5, 2		4.0	4.0	0	8	0.0	0.0	0.5	0.0
18	18	5/16	5/16	3/4	2	1	i					a	i		i	i							m	1	1	3, 0, 4		3.0	3.0	0	8	0.0	0.0	0.5	0.0
18	18	7/16	7/16	3/4	2	1	v7				V7	a	i		v7	v		7					mm7	1	1	4, 1, 5, 2		4.0	4.0	0	8	0.0	0.0	0.5	0.0
18	18	9/16	9/16	3/4	2	1	i					a	i		i	i							m	1	1	3, 0, 4		3.0	3.0	0	4	0.0	0.0	0.25	0.0
18	18	5/8	5/8	3/4	2	1	v7					a	i		v7	v		7					mm7	1	1	4, 1, 5, 2		4.0	4.0	0	4	0.0	0.0	0.5	0.0
19	19	0	0	3/4	2	1	i					a	i		i	i							m	1	1	3, 0, 4		3.0	3.0	0	7	0.0	0.0	0.625	0.0
19	19	3/16	3/16	3/4	2	1	v7				V7	a	i		v7	v		7					mm7	1	1	4, 1, 5, 2		4.0	4.0	0	8	0.0	0.0	0.5	0.0
19	19	5/16	5/16	3/4	2	1	i					a	i		i	i							m	1	1	3, 0, 4		3.0	3.0	0	8	0.0	0.0	0.5	0.0
19	19	7/16	7/16	3/4	2	1	v7				V7	a	i		v7	v		7					mm7	1	1	4, 1, 5, 2		4.0	4.0	0	8	0.0	0.0	0.5	0.0
19	19	9/16	9/16	3/4	2	1	i					a	i		i	i							m	1	1	3, 0, 4		3.0	3.0	0	4	0.0	0.0	0.25	0.0
19	19	5/8	5/8	3/4	2	1	V/III					a	i		V/III	V				III			M	1	1	1, 5, 2		1.0	1.0	0	4	0.0	0.0	0.5	0.0
20	20	0	0	3/4	2	1	III					a	i		III	III							M	1	1	0, 4, 1		0.0	0.0	0	7	0.0	0.0	0.625	0.0
20	20	3/16	3/16	3/4	2	1	V7/III					a	i		V7/III	V		7		III			Mm7	1	1	1, 5, 2, -1		1.0	1.0	0	8	0.0	0.0	0.5	0.0
20	20	5/16	5/16	3/4	2	1	III					a	i		III	III							M	1	1	0, 4, 1		0.0	0.0	0	8	0.0	0.0	0.5	0.0
20	20	7/16	7/16	3/4	2	1	V7/III					a	i		V7/III	V		7		III			Mm7	1	1	1, 5, 2, -1		1.0	1.0	0	8	0.0	0.0	0.5	0.0
20	20	9/16	9/16	3/4	2	1	III					a	i		III	III							M	1	1	0, 4, 1		0.0	0.0	0	4	0.0	0.0	0.25	0.0
20	20	5/8	5/8	3/4	2	1	vii7					a	i		vii7	vii		7					mm7	1	1	1, -2, 2, -1		1.0	1.0	0	4	0.0	0.0	0.5	0.0
21	21	0	0	3/4	2	1	III					a	i		III	III							M	1	1	0, 4, 1		0.0	0.0	0	7	0.0	0.0	0.625	0.0
21	21	3/16	3/16	3/4	2	1	V7/III					a	i		V7/III	V		7		III			Mm7	1	1	1, 5, 2, -1		1.0	1.0	0	8	0.0	0.0	0.5	0.0
21	21	5/16	5/16	3/4	2	1	III					a	i		III	III							M	1	1	0, 4, 1		0.0	0.0	0	8	0.0	0.0	0.5	0.0
21	21	7/16	7/16	3/4	2	1	V7/III					a	i		V7/III	V		7		III			Mm7	1	1	1, 5, 2, -1		1.0	1.0	0	8	0.0	0.0	0.5	0.0
21	21	9/16	9/16	3/4	2	1	III					a	i		III	III							M	1	1	0, 4, 1		0.0	0.0	0	4	0.0	0.0	0.25	0.0
21	21	5/8	5/8	3/4	2	1	V/bV					a	i		V/bV	V				bV			M	1	1	-2, 2, -1		-2.0	-2.0	0	4	0.0	0.0	0.5	0.0
22	22	0	0	3/4	2	1	bV	-0.1	-3.5	/	bVI/vii	a	i		bV	bV							M	1	1	-3, 1, -2		-3.0	-3.0	7	15	0.3181818181818182	0.4375	2.5625	0.14583333333333334
23	23	0	0	3/4	2	1	ii%7/vii	0	-4	/		a	i		ii%7/vii	ii	%	7		vii			%7	1	1	3, 0, -3, 1		3.0	3.0	1	6	0.14285714285714285	0.0625	0.9375	0.0625
23	23	1/4	1/4	3/4	2	1	v				V(+4)/vii	a	i		v	v							m	1	1	4, 1, 5		4.0	4.0	5	6	0.45454545454545453	1.625	0.375	0.8125
24	24	0	0	3/4	2	1	iii/bII					a	i		iii/bII	iii				bII			m	1	1	2, -1, 3		2.0	2.0	7	15	0.3181818181818182	0.4375	2.5625	0.14583333333333334
25	25	0	0	3/4	2	1	vi7/bII					a	i		vi7/bII	vi		7		bII			mm7	1	1	1, -2, 2, -1		1.0	1.0	1	6	0.14285714285714285	0.0625	0.9375	0.0625
25	25	1/4	1/4	3/4	2	1	ii7/bII					a	i		ii7/bII	ii		7		bII			mm7	1	1	0, -3, 1, -2		0.0	0.0	4	7	0.36363636363636365	0.25	1.75	0.125
26	26	0	0	3/4	2	1	V/bII[V7(42)/bII					a	i	V/bII	V7(42)/bII	V		7	42	bII			Mm7	1	1	1, -2, 0, -3		-1.0	1.0	2	5	0.2857142857142857	0.8125	0.6875	0.5416666666666666
26	26	1/4	1/4	3/4	2	1	V7/bII					a	i	V/bII	V7/bII	V		7		bII			Mm7	1	1	-1, 3, 0, -3		-1.0	-1.0	1	5	0.16666666666666666	0.0625	0.6875	0.08333333333333333
26	26	1/2	1/2	3/4	2	1	V7(2)/bII					a	i	V/bII	V7(2)/bII	V		7	2	bII			Mm7	1	1	1, 3, 0, -3		-1.0	1.0	1	5	0.16666666666666666	0.0625	0.6875	0.08333333333333333
27	27	0	0	3/4	2	1	bII64					a	i	V/bII	bII64	bII		64					M	1	1	-1, -2, 2		-2.0	-1.0	3	6	0.3333333333333333	0.1875	1.6875	0.1
27	27	3/8	3/8	3/4	2	1	bII64(+6)					a	i	V/bII	bII64(+6)	bII		64	+6				M	1	1	-1, -2, 2	1	-2.0	-1.0	0	12	0.0	0.0	1.125	0.0
28	28	0	0	3/4	2	1	V7(42)/bII					a	i	V/bII	V7(42)/bII	V		7	42	bII			Mm7	1	1	1, -2, 0, -3		-1.0	1.0	2	5	0.2857142857142857	0.8125	0.6875	0.5416666666666666
28	28	1/4	1/4	3/4	2	1	V7/bII					a	i	V/bII	V7/bII	V		7		bII			Mm7	1	1	-1, 3, 0, -3		-1.0	-1.0	1	5	0.16666666666666666	0.0625	0.6875	0.08333333333333333
28	28	1/2	1/2	3/4	2	1	V7(2)/bII					a	i	V/bII	V7(2)/bII	V		7	2	bII			Mm7	1	1	1, 3, 0, -3		-1.0	1.0	1	5	0.16666666666666666	0.0625	0.6875	0.08333333333333333
29	29	0	0	3/4	2	1	bII64					a	i	V/bII	bII64	bII		64					M	1	1	-1, -2, 2		-2.0	-1.0	3	6	0.3333333333333333	0.1875	1.6875	0.1
29	29	3/8	3/8	3/4	2	1	bII64(+6)]					a	i	V/bII	bII64(+6)	bII		64	+6				M	1	1	-1, -2, 2	1	-2.0	-1.0	0	12	0.0	0.0	1.125	0.0
30	30	0	0	3/4	2	1	VII[viio6/VI	-2.44253	-3.61024	/		a	i	VII	viio6/VI	vii	o	6		VI			o	1	1	1, -2, 4		4.0	1.0	0	4	0.0	0.0	0.625	0.0
30	30	1/8	1/8	3/4	2	1	VI6	0	-3.83229	/		a	i	VII	VI6	VI		6					M	1	1	3, 0, -1		-1.0	3.0	0	6	0.0	0.0	0.625	0.0
30	30	1/4	1/4	3/4	2	1	vii]					a	i	VII	vii	vii							m	1	1	1, -2, 2		1.0	1.0	0	6	0.0	0.0	1.125	0.0
30	30	3/8	3/8	3/4	2	1	vii2					a	i		vii2	vii		2					mm7	1	1	-1, 1, -2, 2		1.0	-1.0	0	3	0.0	0.0	0.25	0.0
30	30	1/2	1/2	3/4	2	1	V65/VI					a	i		V65/VI	V		65		VI			Mm7	1	1	4, 1, -2, 0		0.0	4.0	0	4	0.0	0.0	0.375	0.0
30	30	5/8	5/8	3/4	2	1	vii64					a	i		vii64	vii		64					m	1	1	2, 1, -2		1.0	2.0	0	4	0.0	0.0	0.375	0.0
31	31	0	0	3/4	2	1	V7(+2)/VI	-0.761233	-4.75374	/		a	i		V7(+2)/VI	V		7	+2	VI			Mm7	1	1	0, 4, 1, -2	2	0.0	0.0	0	4	0.0	0.0	1.0	0.0
31	31	1/8	1/8	3/4	2	1	i6	0.222048	-4.60945	/		a	i		i6	i		6					m	1	1	0, 4, 3		3.0	0.0	0	26	0.0	0.0	3.125	0.0
32	32	0	0	3/4	2	1	vii[viio6/VI	-2.44253	-3.61024	/		a	i	vii	viio6/VI	vii	o	6		VI			o	1	1	1, -2, 4		4.0	1.0	0	4	0.0	0.0	0.625	0.0
32	32	1/8	1/8	3/4	2	1	VI6	0	-3.83229	/		a	i	vii	VI6	VI		6					M	1	1	3, 0, -1		-1.0	3.0	0	6	0.0	0.0	0.625	0.0
32	32	1/4	1/4	3/4	2	1	vii]					a	i	vii	vii	vii							m	1	1	1, -2, 2		1.0	1.0	0	6	0.0	0.0	1.125	0.0
32	32	3/8	3/8	3/4	2	1	vii2					a	i		vii2	vii		2					mm7	1	1	-1, 1, -2, 2		1.0	-1.0	0	3	0.0	0.0	0.25	0.0
32	32	1/2	1/2	3/4	2	1	V65/VI					a	i		V65/VI	V		65		VI			Mm7	1	1	4, 1, -2, 0		0.0	4.0	0	4	0.0	0.0	0.375	0.0
32	32	5/8	5/8	3/4	2	1	vii64					a	i		vii64	vii		64					m	1	1	2, 1, -2		1.0	2.0	0	4	0.0	0.0	0.375	0.0
33	33	0	0	3/4	2	1	III[V7(+2)/VI	0	-4.5	/		a	i	III	V7(+2)/VI	V		7	+2	VI			Mm7	1	1	0, 4, 1, -2	2	0.0	0.0	0	4	0.0	0.0	1.0	0.0
33	33	1/8	1/8	3/4	2	1	i6	0.222048	-4.60945	/		a	i	III	i6	i		6					m	1	1	0, 4, 3		3.0	0.0	0	24	0.0	0.0	2.5	0.0
33	33	5/8	5/8	3/4	2	1	bII6	-0.671695	-5.32112	/		a	i	III	bII6	bII		6					M	1	1	2, -1, -2		-2.0	2.0	1	12	0.07692307692307693	0.75	1.25	0.375
34	34	1/8	1/8	3/4	2	1	III6	0	-6.26149	/		a	i	III	III6	III		6					M	1	1	4, 1, 0		0.0	4.0	0	12	0.0	0.0	1.25	0.0
34	34	3/8	3/8	3/4	2	1	i6]	0	-5.85847	/		a	i	III	i6	i		6					m	1	1	0, 4, 3		3.0	0.0	0	18	0.0	0.0	1.875	0.0
35	35	0	0	3/4	2	1	bII[bII(4)	0	-5.5	/		a	i	bII	bII(4)	bII			4				M	1	1	-2, 4, -1		-2.0	-2.0	2	7	0.2222222222222222	0.25	1.875	0.11764705882352941
35	35	1/4	1/4	3/4	2	1	bII	0	-4.11207	/		a	i	bII	bII	bII							M	1	1	-2, 2, -1		-2.0	-2.0	0	9	0.0	0.0	1.625	0.0
35	35	1/2	1/2	3/4	2	1	bII(+2)	0	-4.11207	/		a	i	bII	bII(+2)	bII			+2				M	1	1	-2, 2, -1	0	-2.0	-2.0	0	8	0.0	0.0	0.625	0.0
36	36	0	0	3/4	2	1	vi6/bII	-0.537356	-3.97773	/		a	i	bII	vi6/bII	vi		6		bII			m	1	1	-2, 2, 1		1.0	-2.0	0	6	0.0	0.0	1.8125	0.0
36	36	1/8	1/8	3/4	2	1	bIIM7	0.134339	-4.24641	/		a	i	bII	bIIM7	bII	M	7					MM7	1	1	-2, 2, -1, 3		-2.0	-2.0	0	8	0.0	0.0	0.625	0.0
36	36	3/8	3/8	3/4	2	1	vii%43/bII	0.134339	-3.84339	/		a	i	bII	vii%43/bII	vii	%	43		bII			%7	1	1	-3, 1, 3, 0		3.0	-3.0	11	0	1.0	0.9375	0.0	1.0
37	37	0	0	3/4	2	1	bII(4)	-0.134339	-4.42529	/		a	i	bII	bII(4)	bII			4				M	1	1	-2, 4, -1		-2.0	-2.0	2	7	0.2222222222222222	0.125	1.875	0.0625
37	37	1/4	1/4	3/4	2	1	bII	0	-4.11207	/		a	i	bII	bII	bII							M	1	1	-2, 2, -1		-2.0	-2.0	0	9	0.0	0.0	1.625	0.0
37	37	1/2	1/2	3/4	2	1	bII(+2)]	0	-4.11207	/		a	i	bII	bII(+2)	bII			+2				M	1	1	-2, 2, -1	0	-2.0	-2.0	0	8	0.0	0.0	0.625	0.0
38	38	0	0	3/4	2	1	v	0.105019	-4.58225	/		a	i		v	v							m	1	1	4, 1, 5		4.0	4.0	0	8	0.0	0.0	0.875	0.0
38	38	1/4	1/4	3/4	2	1	VIM7					a	i		VIM7	VI	M	7					MM7	1	1	-1, 3, 0, 4		-1.0	-1.0	0	8	0.0	0.0	0.875	0.0
38	38	1/2	1/2	3/4	2	1	v6	0.134339	-3.70905	/		a	i		v6	v		6					m	1	1	1, 5, 4		4.0	1.0	0	8	0.0	0.0	0.875	0.0
39	39	0	0	3/4	2	1	i	0.268678	-3.70905	/		a	i		i	i							m	1	1	3, 0, 4		3.0	3.0	0	8	0.0	0.0	0.875	0.0
39	39	1/4	1/4	3/4	2	1	v43	-0.806034	-3.30603	/	V43	a	i		v43	v		43					mm7	1	1	5, 2, 4, 1		4.0	5.0	0	5	0.0	0.0	0.4375	0.0
39	39	3/8	3/8	3/4	2	1	i	0.403017	-3.84339	/		a	i		i	i							m	1	1	3, 0, 4		3.0	3.0	0	5	0.0	0.0	0.4375	0.0
39	39	1/2	1/2	3/4	2	1	V7/III	-1.07471	-6.12715	/		a	i		V7/III	V		7		III			Mm7	1	1	1, 5, 2, -1		1.0	1.0	0	5	0.0	0.0	0.875	0.0
39	39	5/8	5/8	3/4	2	1	ii%43	0	-6.26149	/		a	i		ii%43	ii	%	43					%7	1	1	-1, 3, 5, 2		5.0	-1.0	0	3	0.0	0.0	0.375	0.0
40	40	0	0	3/4	2	1	v	0.105019	-4.58225	/		a	i		v	v							m	1	1	4, 1, 5		4.0	4.0	0	8	0.0	0.0	0.875	0.0
40	40	1/4	1/4	3/4	2	1	VIM7					a	i		VIM7	VI	M	7					MM7	1	1	-1, 3, 0, 4		-1.0	-1.0	0	8	0.0	0.0	0.875	0.0
40	40	1/2	1/2	3/4	2	1	v6	0.134339	-3.70905	/		a	i		v6	v		6					m	1	1	1, 5, 4		4.0	1.0	0	8	0.0	0.0	0.875	0.0
41	41	0	0	3/4	2	1	i	0.268678	-3.70905	/		a	i		i	i							m	1	1	3, 0, 4		3.0	3.0	0	8	0.0	0.0	0.875	0.0
41	41	1/4	1/4	3/4	2	1	v43	-0.806034	-3.30603	/	V43	a	i		v43	v		43					mm7	1	1	5, 2, 4, 1		4.0	5.0	0	8	0.0	0.0	0.875	0.0
41	41	1/2	1/2	3/4	2	1	i6	0	-3.57471	/	III	a	i		i6	i		6					m	1	1	0, 4, 3		3.0	0.0	0	6	0.0	0.0	0.75	0.0
42	42	0	0	3/4	2	1	IV7(+6+2)	-0.940373	-3.97773	/		a	i		IV7(+6+2)	IV		7	+6+2				Mm7	1	1	2, 6, 3, 0	5, 4	2.0	2.0	1	40	0.024390243902439025	0.020833333333333332	3.6041666666666665	0.005747126436781609
44	44	0	0	3/4	2	1	iv2(+6)	-0.403017	-6.26149	/		a	i		iv2(+6)	iv		2	+6				mm7	1	1	0, 2, -1, 3	5	2.0	0.0	0	15	0.0	0.0	3.75	0.0
45	45	0	0	3/4	2	1	IV2	-1.07471	-5.99281	/	V2/VII	a	i		IV2	IV		2					Mm7	1	1	0, 2, 6, 3		2.0	0.0	4	11	0.26666666666666666	0.20833333333333334	2.5416666666666665	0.07575757575757576
45	45	1/2	1/2	3/4	2	1	IV7(+2)	-1.61207	-6.26149	/	V7(+2)/VII	a	i		IV7(+2)	IV		7	+2				Mm7	1	1	2, 6, 3, 0	4	2.0	2.0	0	5	0.0	0.0	0.5	0.0
46	46	0	0	3/4	2	1	VII(+6+2)	-0.806034	-6.53017	/		a	i		VII(+6+2)	VII			+6+2				M	1	1	1, 5, 2	4, 3	1.0	1.0	0	14	0.0	0.0	1.25	0.0
46	46	1/2	1/2	3/4	2	1	III(+6)					a	i		III(+6)	III			+6				M	1	1	0, 4, 1	3	0.0	0.0	0	7	0.0	0.0	1.125	0.0
47	47	0	0	3/4	2	1	VII(+6+2)	-0.268678	-3.84339	/		a	i		VII(+6+2)	VII			+6+2				M	1	1	1, 5, 2	4, 3	1.0	1.0	0	14	0.0	0.0	1.625	0.0
47	47	1/2	1/2	3/4	2	1	i					a	i		i	i							m	1	1	3, 0, 4		3.0	3.0	0	4	0.0	0.0	0.75	0.0
47	47	5/8	5/8	3/4	2	1	#vi%7	-2.03411	-2.65647	/		a	i		#vi%7	#vi	%	7					%7	1	1	6, 3, 0, 4		6.0	6.0	0	2	0.0	0.0	0.25	0.0
48	48	0	0	3/4	2	1	III6					a	i		III6	III		6					M	1	1	4, 1, 0		0.0	4.0	4	8	0.3333333333333333	0.1875	2.3125	0.075
48	48	1/2	1/2	3/4	2	1	v					a	i		v	v							m	1	1	4, 1, 5		4.0	4.0	0	3	0.0	0.0	0.5	0.0
49	49	0	0	3/4	2	1	i(742)|PAC					a	i		i(742)	i			742		PAC		m	1	1	5, 2, 4	1	3.0	5.0	2	3	0.4	0.25	0.375	0.4
49	49	1/8	1/8	3/4	2	1	i}					a	i		i	i						}	m	1	1	3, 0, 4		3.0	3.0	1	6	0.14285714285714285	0.125	0.75	0.14285714285714285
50	50	0	0	3/4	2	1	VI{	-0.312939	-5.94233	/		a	i		VI	VI						{	M	1	1	-1, 3, 0		-1.0	-1.0	11	13	0.4583333333333333	0.5	2.5	0.16666666666666666
51	51	0	0	3/4	2	1	VI6	-0.938818	-5.15998	/		a	i		VI6	VI		6					M	1	1	3, 0, -1		-1.0	3.0	1	3	0.25	0.0625	0.6875	0.08333333333333333
51	51	1/8	1/8	3/4	2	1	iio	0	-5.5	/		a	i		iio	ii	o						o	1	1	5, 2, -1		5.0	5.0	0	3	0.0	0.0	0.25	0.0
51	51	1/4	1/4	3/4	2	1	III(+4)	0	-4.5	/		a	i		III(+4)	III			+4				M	1	1	0, 4, 1	-1	0.0	0.0	0	3	0.0	0.0	0.25	0.0
51	51	3/8	3/8	3/4	2	1	V43/III	0	-4.5	/		a	i		V43/III	V		43		III			Mm7	1	1	2, -1, 1, 5		1.0	2.0	0	3	0.0	0.0	0.25	0.0
51	51	1/2	1/2	3/4	2	1	iio					a	i		iio	ii	o						o	1	1	5, 2, -1		5.0	5.0	0	3	0.0	0.0	0.375	0.0
51	51	5/8	5/8	3/4	2	1	i7				V64/VI	a	i		i7	i		7					mm7	1	1	3, 0, 4, 1		3.0	3.0	0	4	0.0	0.0	0.375	0.0
52	52	0	0	3/4	2	1	VI	-0.312939	-5.94233	/		a	i		VI	VI							M	1	1	-1, 3, 0		-1.0	-1.0	11	13	0.4583333333333333	0.5	2.5	0.16666666666666666
53	53	0	0	3/4	2	1	VI6	-0.938818	-5.15998	/		a	i		VI6	VI		6					M	1	1	3, 0, -1		-1.0	3.0	1	3	0.25	0.0625	0.6875	0.08333333333333333
53	53	1/8	1/8	3/4	2	1	iio	0	-5.5	/		a	i		iio	ii	o						o	1	1	5, 2, -1		5.0	5.0	0	3	0.0	0.0	0.25	0.0
53	53	1/4	1/4	3/4	2	1	III(+4)	0	-4.5	/		a	i		III(+4)	III			+4				M	1	1	0, 4, 1	-1	0.0	0.0	0	3	0.0	0.0	0.25	0.0
53	53	3/8	3/8	3/4	2	1	V43/III	0	-4.5	/		a	i		V43/III	V		43		III			Mm7	1	1	2, -1, 1, 5		1.0	2.0	0	3	0.0	0.0	0.25	0.0
53	53	1/2	1/2	3/4	2	1	iv64					a	i		iv64	iv		64					m	1	1	3, 2, -1		2.0	3.0	0	3	0.0	0.0	0.375	0.0
53	53	5/8	5/8	3/4	2	1	VI					a	i		VI	VI							M	1	1	-1, 3, 0		-1.0	-1.0	1	3	0.25	0.0625	0.3125	0.16666666666666666
54	54	0	0	3/4	2	1	bV	0	-5.15998	/		a	i		bV	bV							M	1	1	-3, 1, -2		-3.0	-3.0	11	13	0.4583333333333333	0.5	2.5	0.16666666666666666
55	55	0	0	3/4	2	1	bV6					a	i		bV6	bV		6					M	1	1	1, -2, -3		-3.0	1.0	1	3	0.25	0.0625	0.6875	0.08333333333333333
55	55	1/8	1/8	3/4	2	1	io					a	i		io	i	o						o	1	1	3, 0, -3		3.0	3.0	0	3	0.0	0.0	0.25	0.0
55	55	1/4	1/4	3/4	2	1	bII(+4)					a	i		bII(+4)	bII			+4				M	1	1	-2, 2, -1	4	-2.0	-2.0	0	3	0.0	0.0	0.25	0.0
55	55	3/8	3/8	3/4	2	1	V43/bII					a	i		V43/bII	V		43		bII			Mm7	1	1	0, -3, -1, 3		-1.0	0.0	0	3	0.0	0.0	0.25	0.0
55	55	1/2	1/2	3/4	2	1	io					a	i		io	i	o						o	1	1	3, 0, -3		3.0	3.0	0	3	0.0	0.0	0.375	0.0
55	55	5/8	5/8	3/4	2	1	vii7				V64/bV	a	i		vii7	vii		7					mm7	1	1	1, -2, 2, -1		1.0	1.0	0	4	0.0	0.0	0.375	0.0
56	56	0	0	3/4	2	1	bV	0	-5.15998	/		a	i		bV	bV							M	1	1	-3, 1, -2		-3.0	-3.0	11	13	0.4583333333333333	0.5	2.5	0.16666666666666666
57	57	0	0	3/4	2	1	bV6					a	i		bV6	bV		6					M	1	1	1, -2, -3		-3.0	1.0	1	3	0.25	0.0625	0.6875	0.08333333333333333
57	57	1/8	1/8	3/4	2	1	io					a	i		io	i	o						o	1	1	3, 0, -3		3.0	3.0	0	3	0.0	0.0	0.25	0.0
57	57	1/4	1/4	3/4	2	1	bII(+4)					a	i		bII(+4)	bII			+4				M	1	1	-2, 2, -1	4	-2.0	-2.0	0	3	0.0	0.0	0.25	0.0
57	57	3/8	3/8	3/4	2	1	V43/bII					a	i		V43/bII	V		43		bII			Mm7	1	1	0, -3, -1, 3		-1.0	0.0	0	3	0.0	0.0	0.25	0.0
57	57	1/2	1/2	3/4	2	1	io					a	i		io	i	o						o	1	1	3, 0, -3		3.0	3.0	0	3	0.0	0.0	0.375	0.0
57	57	5/8	5/8	3/4	2	1	iii					a	i		iii	iii							m	1	1	0, -3, 1		0.0	0.0	1	3	0.25	0.0625	0.3125	0.16666666666666666
58	58	0	0	3/4	2	1	V/vii					a	i		V/vii	V				vii			M	1	1	2, 6, 3		2.0	2.0	0	4	0.0	0.0	0.75	0.0
58	58	3/16	3/16	3/4	2	1	ii%7/vii					a	i		ii%7/vii	ii	%	7		vii			%7	1	1	3, 0, -3, 1		3.0	3.0	0	4	0.0	0.0	0.25	0.0
58	58	1/4	1/4	3/4	2	1	V/vii					a	i		V/vii	V				vii			M	1	1	2, 6, 3		2.0	2.0	0	4	0.0	0.0	0.75	0.0
58	58	7/16	7/16	3/4	2	1	ii%7/vii					a	i		ii%7/vii	ii	%	7		vii			%7	1	1	3, 0, -3, 1		3.0	3.0	0	4	0.0	0.0	0.25	0.0
58	58	1/2	1/2	3/4	2	1	V/vii					a	i		V/vii	V				vii			M	1	1	2, 6, 3		2.0	2.0	0	4	0.0	0.0	0.5	0.0
58	58	5/8	5/8	3/4	2	1	#viio7/vii	-2.40409	-2.70804	/		a	i		#viio7/vii	#vii	o	7		vii			o7	1	1	6, 3, 0, -3		6.0	6.0	0	4	0.0	0.0	0.5	0.0
59	59	0	0	3/4	2	1	vii					a	i		vii	vii							m	1	1	1, -2, 2		1.0	1.0	0	4	0.0	0.0	0.5	0.0
59	59	1/8	1/8	3/4	2	1	IV64					a	i		IV64	IV		64					M	1	1	3, 2, 6		2.0	3.0	1	4	0.2	0.0625	0.3125	0.16666666666666666
59	59	1/4	1/4	3/4	2	1	vii6(+6)					a	i		vii6(+6)	vii		6	+6				m	1	1	-2, 2, 1	4	1.0	-2.0	0	4	0.0	0.0	1.25	0.0
59	59	1/2	1/2	3/4	2	1	V7/iv					a	i		V7/iv	V		7		iv			Mm7	1	1	3, 7, 4, 1		3.0	3.0	2	4	0.3333333333333333	0.125	0.625	0.16666666666666666
60	60	0	0	3/4	2	1	IV					a	i		IV	IV							M	1	1	2, 6, 3		2.0	2.0	0	4	0.0	0.0	0.875	0.0
60	60	1/8	1/8	3/4	2	1	V7/VII					a	i		V7/VII	V		7		VII			Mm7	1	1	2, 6, 3, 0		2.0	2.0	0	2	0.0	0.0	0.25	0.0
60	60	1/4	1/4	3/4	2	1	V7(+2)/VII					a	i		V7(+2)/VII	V		7	+2	VII			Mm7	1	1	2, 6, 3, 0	4	2.0	2.0	0	3	0.0	0.0	0.75	0.0
60	60	1/2	1/2	3/4	2	1	VII					a	i		VII	VII							M	1	1	1, 5, 2		1.0	1.0	0	6	0.0	0.0	1.125	0.0
60	60	5/8	5/8	3/4	2	1	V7/III					a	i		V7/III	V		7		III			Mm7	1	1	1, 5, 2, -1		1.0	1.0	1	2	0.3333333333333333	0.125	0.25	0.3333333333333333
61	61	0	0	3/4	2	1	ii(+4+#2)/iv					a	i		ii(+4+#2)/iv	ii			+4+#2	iv			m	1	1	4, 1, 5	3, 6	4.0	4.0	0	6	0.0	0.0	2.25	0.0
61	61	1/4	1/4	3/4	2	1	ii/iv					a	i		ii/iv	ii				iv			m	1	1	4, 1, 5		4.0	4.0	2	3	0.4	0.25	0.5	0.3333333333333333
61	61	1/2	1/2	3/4	2	1	V7(+2)/iv					a	i		V7(+2)/iv	V		7	+2	iv			Mm7	1	1	3, 7, 4, 1	-2	3.0	3.0	2	3	0.4	0.1875	0.4375	0.3
61	61	5/8	5/8	3/4	2	1	V7/iv					a	i		V7/iv	V		7		iv			Mm7	1	1	3, 7, 4, 1		3.0	3.0	1	3	0.25	0.0625	0.3125	0.16666666666666666
62	62	0	0	3/4	2	1	IV					a	i		IV	IV							M	1	1	2, 6, 3		2.0	2.0	0	4	0.0	0.0	0.75	0.0
62	62	3/16	3/16	3/4	2	1	i%7					a	i		i%7	i	%	7					%7	1	1	3, 0, -3, 1		3.0	3.0	0	4	0.0	0.0	0.25	0.0
62	62	1/4	1/4	3/4	2	1	IV					a	i		IV	IV							M	1	1	2, 6, 3		2.0	2.0	0	4	0.0	0.0	0.75	0.0
62	62	7/16	7/16	3/4	2	1	i%7					a	i		i%7	i	%	7					%7	1	1	3, 0, -3, 1		3.0	3.0	0	4	0.0	0.0	0.25	0.0
62	62	1/2	1/2	3/4	2	1	IV					a	i		IV	IV							M	1	1	2, 6, 3		2.0	2.0	0	4	0.0	0.0	0.5	0.0
62	62	5/8	5/8	3/4	2	1	viio7/VII	-3.01707	-2.5037	/		a	i		viio7/VII	vii	o	7		VII			o7	1	1	6, 3, 0, -3		6.0	6.0	0	4	0.0	0.0	0.5	0.0
63	63	0	0	3/4	2	1	VII					a	i		VII	VII							M	1	1	1, 5, 2		1.0	1.0	0	4	0.0	0.0	0.5	0.0
63	63	1/8	1/8	3/4	2	1	IV64					a	i		IV64	IV		64					M	1	1	3, 2, 6		2.0	3.0	1	4	0.2	0.0625	0.4375	0.125
63	63	1/4	1/4	3/4	2	1	VII6(+6)					a	i		VII6(+6)	VII		6	+6				M	1	1	5, 2, 1	4	1.0	5.0	0	4	0.0	0.0	0.5	0.0
63	63	3/8	3/8	3/4	2	1	#vii%7/iv					a	i		#vii%7/iv	#vii	%	7		iv			%7	1	1	7, 4, 1, 5		7.0	7.0	0	4	0.0	0.0	0.5	0.0
63	63	1/2	1/2	3/4	2	1	IVM7					a	i		IVM7	IV	M	7					MM7	1	1	2, 6, 3, 7		2.0	2.0	0	4	0.0	0.0	0.5	0.0
63	63	5/8	5/8	3/4	2	1	v					a	i		v	v							m	1	1	4, 1, 5		4.0	4.0	0	4	0.0	0.0	0.5	0.0
64	64	0	0	3/4	2	1	#VI	-1.84523	-3.55442	/		a	i		#VI	#VI							M	1	1	6, 10, 7		6.0	6.0	0	4	0.0	0.0	0.5	0.0
64	64	1/8	1/8	3/4	2	1	VIIM7	-1.05442	-3.68622	/		a	i		VIIM7	VII	M	7					MM7	1	1	1, 5, 2, 6		1.0	1.0	0	4	0.0	0.0	0.5	0.0
64	64	1/4	1/4	3/4	2	1	V7/iv	0	-3.94983	/		a	i		V7/iv	V		7		iv			Mm7	1	1	3, 7, 4, 1		3.0	3.0	0	4	0.0	0.0	0.5	0.0
64	64	3/8	3/8	3/4	2	1	ii	0.790815	-4.74064	/		a	i		ii	ii							m	1	1	5, 2, 6		5.0	5.0	0	4	0.0	0.0	0.5	0.0
64	64	1/2	1/2	3/4	2	1	V65/iv	-0.52721	-5.00425	/		a	i		V65/iv	V		65		iv			Mm7	1	1	7, 4, 1, 3		3.0	7.0	0	5	0.0	0.0	1.0	0.0
65	65	0	0	3/4	2	1	IV					a	i		IV	IV							M	1	1	2, 6, 3		2.0	2.0	0	6	0.0	0.0	1.25	0.0
65	65	3/16	3/16	3/4	2	1	i%7					a	i		i%7	i	%	7					%7	1	1	3, 0, -3, 1		3.0	3.0	0	2	0.0	0.0	0.125	0.0
65	65	1/4	1/4	3/4	2	1	IV					a	i		IV	IV							M	1	1	2, 6, 3		2.0	2.0	0	4	0.0	0.0	0.625	0.0
65	65	7/16	7/16	3/4	2	1	i%7	-0.43151	-4.01029	/		a	i		i%7	i	%	7					%7	1	1	3, 0, -3, 1		3.0	3.0	0	2	0.0	0.0	0.125	0.0
65	65	1/2	1/2	3/4	2	1	IV	-0.647266	-4.87331	/		a	i		IV	IV							M	1	1	2, 6, 3		2.0	2.0	0	4	0.0	0.0	0.5	0.0
65	65	5/8	5/8	3/4	2	1	#viio7/vii	-2.3698	-7.25031	/		a	i		#viio7/vii	#vii	o	7		vii			o7	1	1	6, 3, 0, -3		6.0	6.0	0	7	0.0	0.0	0.875	0.0
66	66	0	0	3/4	2	1	vii	-0.215755	-4.65755	/		a	i		vii	vii							m	1	1	1, -2, 2		1.0	1.0	0	7	0.0	0.0	0.875	0.0
66	66	1/8	1/8	3/4	2	1	IV64	-0.215755	-4.65755	/		a	i		IV64	IV		64					M	1	1	3, 2, 6		2.0	3.0	1	6	0.14285714285714285	0.0625	0.6875	0.08333333333333333
66	66	1/4	1/4	3/4	2	1	vii6(+6)	0.215755	-4.65755	/		a	i		vii6(+6)	vii		6	+6				m	1	1	-2, 2, 1	4	1.0	-2.0	0	6	0.0	0.0	1.5	0.0
66	66	1/2	1/2	3/4	2	1	#viio7/iv					a	i		#viio7/iv	#vii	o	7		iv			o7	1	1	7, 4, 1, -2		7.0	7.0	0	6	0.0	0.0	1.5	0.0
67	67	0	0	3/4	2	1	IV	-0.215755	-4.4418	/		a	i		IV	IV							M	1	1	2, 6, 3		2.0	2.0	0	6	0.0	0.0	1.625	0.0
67	67	1/4	1/4	3/4	2	1	V43/VII	-0.43151	-4.65755	/		a	i		V43/VII	V		43		VII			Mm7	1	1	3, 0, 2, 6		2.0	3.0	0	4	0.0	0.0	1.0	0.0
67	67	1/2	1/2	3/4	2	1	VII	0	-4.5	/		a	i		VII	VII							M	1	1	1, 5, 2		1.0	1.0	0	5	0.0	0.0	1.0	0.0
68	68	0	0	3/4	2	1	V7(#62)/iv	-0.647266	-4.22604	/		a	i		V7(#62)/iv	V		7	#62	iv			Mm7	1	1	-2, 7, 4, 6		3.0	-2.0	4	2	0.6666666666666666	2.25	1.0	0.6923076923076923
68	68	1/4	1/4	3/4	2	1	V7(2)/iv	0.215755	-4.01029	/		a	i		V7(2)/iv	V		7	2	iv			Mm7	1	1	-2, 7, 4, 1		3.0	-2.0	2	3	0.4	0.25	0.5	0.3333333333333333
68	68	5/8	5/8	3/4	2	1	V7/iv	-1.07878	-3.57878	/		a	i		V7/iv	V		7		iv			Mm7	1	1	3, 7, 4, 1		3.0	3.0	0	2	0.0	0.0	0.25	0.0
69	69	0	0	3/4	2	1	#vii%7					a	i		#vii%7	#vii	%	7					%7	1	1	8, 5, 2, 6		8.0	8.0	0	4	0.0	0.0	1.0	0.0
69	69	1/4	1/4	3/4	2	1	IM7					a	i		IM7	I	M	7					MM7	1	1	3, 7, 4, 8		3.0	3.0	0	4	0.0	0.0	0.5	0.0
69	69	3/8	3/8	3/4	2	1	ii					a	i		ii	ii							m	1	1	5, 2, 6		5.0	5.0	0	4	0.0	0.0	0.5	0.0
69	69	1/2	1/2	3/4	2	1	V7/#VI					a	i		V7/#VI	V		7		#VI			Mm7	1	1	7, 11, 8, 5		7.0	7.0	0	4	0.0	0.0	0.5	0.0
69	69	5/8	5/8	3/4	2	1	V65/#VI					a	i		V65/#VI	V		65		#VI			Mm7	1	1	11, 8, 5, 7		7.0	11.0	1	4	0.2	0.0625	0.4375	0.125
70	70	0	0	3/4	2	1	#vii%2					a	i		#vii%2	#vii	%	2					%7	1	1	6, 8, 5, 2		8.0	6.0	1	6	0.14285714285714285	0.041666666666666664	1.9583333333333333	0.020833333333333332
70	70	1/4	1/4	3/4	2	1	#vii%7					a	i		#vii%7	#vii	%	7					%7	1	1	8, 5, 2, 6		8.0	8.0	0	2	0.0	0.0	0.375	0.0
70	70	3/8	3/8	3/4	2	1	V65					a	i		V65	V		65					Mm7	1	1	8, 5, 2, 4		4.0	8.0	0	1	0.0	0.0	0.25	0.0
70	70	1/2	1/2	3/4	2	1	i(+4+2)					a	i		i(+4+2)	i			+4+2				m	1	1	3, 0, 4	2, 5	3.0	3.0	0	1	0.0	0.0	0.25	0.0
70	70	5/8	5/8	3/4	2	1	ii%2					a	i		ii%2	ii	%	2					%7	1	1	3, 5, 2, -1		5.0	3.0	1	0	1.0	0.125	0.0	1.0
71	71	0	0	3/4	2	1	#vii%65					a	i		#vii%65	#vii	%	65					%7	1	1	5, 2, 6, 8		8.0	5.0	0	4	0.0	0.0	1.25	0.0
71	71	1/4	1/4	3/4	2	1	#iii					a	i		#iii	#iii							m	1	1	7, 4, 8		7.0	7.0	0	3	0.0	0.0	0.375	0.0
71	71	3/8	3/8	3/4	2	1	#viio64	0	-4.5	/		a	i		#viio64	#vii	o	64					o	1	1	2, 8, 5		8.0	2.0	0	3	0.0	0.0	0.375	0.0
71	71	1/2	1/2	3/4	2	1	#iii65	0	-4.5	/		a	i		#iii65	#iii		65					mm7	1	1	4, 8, 5, 7		7.0	4.0	0	4	0.0	0.0	0.5	0.0
71	71	5/8	5/8	3/4	2	1	V65/#VI	0	-4.5	/		a	i		V65/#VI	V		65		#VI			Mm7	1	1	11, 8, 5, 7		7.0	11.0	0	4	0.0	0.0	0.5	0.0
72	72	0	0	3/4	2	1	#vii%2	0	-5.5	/		a	i		#vii%2	#vii	%	2					%7	1	1	6, 8, 5, 2		8.0	6.0	1	8	0.1111111111111111	0.125	2.875	0.041666666666666664
73	73	0	0	3/4	2	1	bV64|EC	-1.54747	-3.53165	/		a	i		bV64	bV		64			EC		M	1	1	-2, -3, 1		-3.0	-2.0	0	5	0.0	0.0	1.25	0.0
73	73	1/4	1/4	3/4	2	1	bV6					a	i		bV6	bV		6					M	1	1	1, -2, -3		-3.0	1.0	0	8	0.0	0.0	2.0	0.0
73	73	1/2	1/2	3/4	2	1	bV64					a	i		bV64	bV		64					M	1	1	-2, -3, 1		-3.0	-2.0	0	9	0.0	0.0	2.25	0.0
74	74	1/4	1/4	3/4	2	1	bV6					a	i		bV6	bV		6					M	1	1	1, -2, -3		-3.0	1.0	0	8	0.0	0.0	2.0	0.0
74	74	1/2	1/2	3/4	2	1	bV64					a	i		bV64	bV		64					M	1	1	-2, -3, 1		-3.0	-2.0	2	10	0.16666666666666666	0.125	1.625	0.07142857142857142
75	75	1/4	1/4	3/4	2	1	iii6	0	-5.46598	/		a	i		iii6	iii		6					m	1	1	-3, 1, 0		0.0	-3.0	2	5	0.2857142857142857	0.0625	0.4375	0.125
75	75	1/2	1/2	3/4	2	1	iii	-0.90269	-5.33703	/		a	i		iii	iii							m	1	1	0, -3, 1		0.0	0.0	0	5	0.0	0.0	0.625	0.0
76	76	0	0	3/4	2	1	bII				vii6	a	i		bII	bII							M	1	1	-2, 2, -1		-2.0	-2.0	2	4	0.3333333333333333	0.125	0.375	0.25
76	76	1/4	1/4	3/4	2	1	vii64					a	i		vii64	vii		64					m	1	1	2, 1, -2		1.0	2.0	2	6	0.25	0.09375	0.53125	0.15
76	76	1/2	1/2	3/4	2	1	vii6					a	i		vii6	vii		6					m	1	1	-2, 2, 1		1.0	-2.0	1	5	0.16666666666666666	0.0625	0.5625	0.1
77	77	0	0	3/4	2	1	V43/bI					a	i		V43/bI	V		43		bI			Mm7	1	1	-2, -5, -3, 1		-3.0	-2.0	2	5	0.2857142857142857	0.125	1.375	0.08333333333333333
77	77	1/4	1/4	3/4	2	1	V7/bV					a	i		V7/bV	V		7		bV			Mm7	1	1	-2, 2, -1, -4		-2.0	-2.0	2	4	0.3333333333333333	0.0625	0.4375	0.125
77	77	1/2	1/2	3/4	2	1	bIV6					a	i		bIV6	bIV		6					M	1	1	-1, -4, -5		-5.0	-1.0	0	5	0.0	0.0	0.625	0.0
78	78	0	0	3/4	2	1	V43/bI					a	i		V43/bI	V		43		bI			Mm7	1	1	-2, -5, -3, 1		-3.0	-2.0	2	5	0.2857142857142857	0.125	0.875	0.125
78	78	1/4	1/4	3/4	2	1	V2/bI					a	i		V2/bI	V		2		bI			Mm7	1	1	-5, -3, 1, -2		-3.0	-5.0	2	7	0.2222222222222222	0.041666666666666664	0.5833333333333334	0.06666666666666667
78	78	1/2	1/2	3/4	2	1	V/bI					a	i		V/bI	V				bI			M	1	1	-3, 1, -2		-3.0	-3.0	1	3	0.25	0.0625	0.4375	0.125
79	79	0	0	3/4	2	1	V43/bI					a	i		V43/bI	V		43		bI			Mm7	1	1	-2, -5, -3, 1		-3.0	-2.0	2	5	0.2857142857142857	0.125	0.875	0.125
79	79	1/4	1/4	3/4	2	1	V65/bI	-0.257912	-3.78956	/		a	i		V65/bI	V		65		bI			Mm7	1	1	1, -2, -5, -3		-3.0	1.0	2	6	0.25	0.041666666666666664	0.4583333333333333	0.08333333333333333
79	79	1/2	1/2	3/4	2	1	V/bI					a	i		V/bI	V				bI			M	1	1	-3, 1, -2		-3.0	-3.0	1	3	0.25	0.0625	0.4375	0.125
80	80	0	0	3/4	2	1	#vi7|DC					a	i		#vi7	#vi		7			DC		mm7	1	1	6, 3, 7, 4		6.0	6.0	2	5	0.2857142857142857	0.125	0.875	0.125
80	80	1/4	1/4	3/4	2	1	#iii					a	i		#iii	#iii							m	1	1	7, 4, 8		7.0	7.0	3	6	0.3333333333333333	0.10416666666666667	0.5208333333333334	0.16666666666666669
80	80	1/2	1/2	3/4	2	1	V					a	i		V	V							M	1	1	4, 8, 5		4.0	4.0	1	3	0.25	0.0625	0.4375	0.125
81	81	0	0	3/4	2	1	V7					a	i		V7	V		7					Mm7	1	1	4, 8, 5, 2		4.0	4.0	2	5	0.2857142857142857	0.125	0.625	0.16666666666666666
81	81	1/4	1/4	3/4	2	1	V2					a	i		V2	V		2					Mm7	1	1	2, 4, 8, 5		4.0	2.0	2	5	0.2857142857142857	0.125	0.5	0.2
81	81	1/2	1/2	3/4	2	1	V7	0	-4.5	/		a	i		V7	V		7					Mm7	1	1	4, 8, 5, 2		4.0	4.0	1	4	0.2	0.0625	0.4375	0.125
82	82	0	0	3/4	2	1	I64(4)	-0.773735	-4.17643	/		a	i		I64(4)	I		64	4				M	1	1	4, 3, 2		3.0	4.0	2	7	0.2222222222222222	0.3125	0.9375	0.25
82	82	1/4	1/4	3/4	2	1	#viio6	-0.128956	-4.17643	/		a	i		#viio6	#vii	o	6					o	1	1	5, 2, 8		8.0	5.0	0	8	0.0	0.0	1.25	0.0
82	82	1/2	1/2	3/4	2	1	#vii%7	0	-3.5	/		a	i		#vii%7	#vii	%	7					%7	1	1	8, 5, 2, 6		8.0	8.0	0	9	0.0	0.0	1.3125	0.0
83	83	0	0	3/4	2	1	I					a	i		I	I							M	1	1	3, 7, 4		3.0	3.0	0	8	0.0	0.0	1.75	0.0
83	83	1/4	1/4	3/4	2	1	I64					a	i		I64	I		64					M	1	1	4, 3, 7		3.0	4.0	0	3	0.0	0.0	0.625	0.0
83	83	3/8	3/8	3/4	2	1	#vi2	0	-5.5	/		a	i		#vi2	#vi		2					mm7	1	1	4, 6, 3, 7		6.0	4.0	0	18	0.0	0.0	1.875	0.0
84	84	0	0	3/4	2	1	I6(4)	-0.773735	-4.17643	/		a	i		I6(4)	I		6	4				M	1	1	2, 4, 3		3.0	2.0	2	6	0.25	0.3125	0.9375	0.25
84	84	1/4	1/4	3/4	2	1	#viio6	-0.128956	-4.17643	/		a	i		#viio6	#vii	o	6					o	1	1	5, 2, 8		8.0	5.0	0	8	0.0	0.0	1.25	0.0
84	84	1/2	1/2	3/4	2	1	#vii%7	0	-3.5	/		a	i		#vii%7	#vii	%	7					%7	1	1	8, 5, 2, 6		8.0	8.0	0	8	0.0	0.0	1.25	0.0
85	85	0	0	3/4	2	1	I					a	i		I	I							M	1	1	3, 7, 4		3.0	3.0	0	8	0.0	0.0	1.375	0.0
85	85	1/4	1/4	3/4	2	1	I64					a	i		I64	I		64					M	1	1	4, 3, 7		3.0	4.0	0	3	0.0	0.0	0.625	0.0
85	85	3/8	3/8	3/4	2	1	#vi2	0	-5.5	/		a	i		#vi2	#vi		2					mm7	1	1	4, 6, 3, 7		6.0	4.0	0	12	0.0	0.0	1.125	0.0
86	86	0	0	3/4	2	1	IVM7(+2)	0	-3.3526	/		a	i		IVM7(+2)	IV	M	7	+2				MM7	1	1	2, 6, 3, 7	4	2.0	2.0	0	6	0.0	0.0	1.875	0.0
86	86	1/8	1/8	3/4	2	1	IVM7					a	i		IVM7	IV	M	7					MM7	1	1	2, 6, 3, 7		2.0	2.0	0	19	0.0	0.0	2.375	0.0
87	87	0	0	3/4	2	1	#viio					a	i		#viio	#vii	o						o	1	1	8, 5, 2		8.0	8.0	4	24	0.14285714285714285	0.25	4.0	0.058823529411764705
88	88	0	0	3/4	2	1	IVM7(+2)	0	-3.3526	/		a	i		IVM7(+2)	IV	M	7	+2				MM7	1	1	2, 6, 3, 7	4	2.0	2.0	0	6	0.0	0.0	1.875	0.0
88	88	1/8	1/8	3/4	2	1	IVM7					a	i		IVM7	IV	M	7					MM7	1	1	2, 6, 3, 7		2.0	2.0	0	19	0.0	0.0	2.375	0.0
89	89	0	0	3/4	2	1	ii					a	i		ii	ii							m	1	1	5, 2, 6		5.0	5.0	0	7	0.0	0.0	1.25	0.0
89	89	1/4	1/4	3/4	2	1	ii64					a	i		ii64	ii		64					m	1	1	6, 5, 2		5.0	6.0	0	7	0.0	0.0	1.0	0.0
89	89	1/2	1/2	3/4	2	1	ii2					a	i		ii2	ii		2					mm7	1	1	3, 5, 2, 6		5.0	3.0	0	8	0.0	0.0	1.0	0.0
90	90	0	0	3/4	2	1	#vii%7	0	-3.5	/		a	i		#vii%7	#vii	%	7					%7	1	1	8, 5, 2, 6		8.0	8.0	4	23	0.14814814814814814	0.4375	3.4375	0.11290322580645161
91	91	0	0	3/4	2	1	V7/#vi	-0.9	-4.5	/		a	i		V7/#vi	V		7		#vi			Mm7	1	1	7, 11, 8, 5		7.0	7.0	4	11	0.26666666666666666	0.25	1.1875	0.17391304347826086
91	91	1/4	1/4	3/4	2	1	V2/#vi	0	-4.2052	/		a	i		V2/#vi	V		2		#vi			Mm7	1	1	5, 7, 11, 8		7.0	5.0	4	17	0.19047619047619047	0.4375	2.0625	0.175
92	92	0	0	3/4	2	1	#vi	-0.63945	-4.52493	/		a	i		#vi	#vi							m	1	1	6, 3, 7		6.0	6.0	0	26	0.0	0.0	4.625	0.0
93	93	0	0	3/4	2	1	IV	0.746025	-4.2052	/		a	i		IV	IV							M	1	1	2, 6, 3		2.0	2.0	0	43	0.0	0.0	8.125	0.0
94	94	1/4	1/4	3/4	2	1	IV(2)	0	-4.73808	/		a	i		IV(2)	IV			2				M	1	1	4, 6, 3		2.0	4.0	2	5	0.2857142857142857	0.125	0.5	0.2
94	94	1/2	1/2	3/4	2	1	IV	-0.106575	-4.84465	/		a	i		IV	IV							M	1	1	2, 6, 3		2.0	2.0	0	7	0.0	0.0	0.625	0.0
95	95	0	0	3/4	2	1	ii7	-0.959175	-5.37753	/		a	i		ii7	ii		7					mm7	1	1	5, 2, 6, 3		5.0	5.0	0	50	0.0	0.0	7.25	0.0
96	96	1/2	1/2	3/4	2	1	ii	-0.348898	-5.34758	/		a	i		ii	ii							m	1	1	5, 2, 6		5.0	5.0	0	11	0.0	0.0	1.125	0.0
97	97	0	0	3/4	2	1	i	0	-6.5	/		a	i		i	i							m	1	1	3, 0, 4		3.0	3.0	0	10	0.0	0.0	1.0	0.0
97	97	3/16	3/16	3/4	2	1	V7				v7	a	i		V7	V		7					Mm7	1	1	4, 8, 5, 2		4.0	4.0	0	3	0.0	0.0	0.1875	0.0
97	97	1/4	1/4	3/4	2	1	i					a	i		i	i							m	1	1	3, 0, 4		3.0	3.0	0	8	0.0	0.0	1.0	0.0
97	97	5/8	5/8	3/4	2	1	V/III	-1	-3.5	/		a	i		V/III	V				III			M	1	1	1, 5, 2		1.0	1.0	0	6	0.0	0.0	0.75	0.0
98	98	0	0	3/4	2	1	III	0	-3.5	/		a	i		III	III							M	1	1	0, 4, 1		0.0	0.0	0	10	0.0	0.0	1.0	0.0
98	98	3/16	3/16	3/4	2	1	V7/III	0	-3.5	/		a	i		V7/III	V		7		III			Mm7	1	1	1, 5, 2, -1		1.0	1.0	0	3	0.0	0.0	0.1875	0.0
98	98	1/4	1/4	3/4	2	1	III	0	-3.5	/		a	i		III	III							M	1	1	0, 4, 1		0.0	0.0	0	8	0.0	0.0	1.0	0.0
98	98	5/8	5/8	3/4	2	1	V/III	-1	-3.5	/		a	i		V/III	V				III			M	1	1	1, 5, 2		1.0	1.0	0	6	0.0	0.0	0.75	0.0
99	99	0	0	3/4	2	1	i					a	i		i	i							m	1	1	3, 0, 4		3.0	3.0	0	10	0.0	0.0	1.0	0.0
99	99	3/16	3/16	3/4	2	1	V7				v7	a	i		V7	V		7					Mm7	1	1	4, 8, 5, 2		4.0	4.0	0	3	0.0	0.0	0.1875	0.0
99	99	1/4	1/4	3/4	2	1	i					a	i		i	i							m	1	1	3, 0, 4		3.0	3.0	0	8	0.0	0.0	1.0	0.0
99	99	5/8	5/8	3/4	2	1	V/III					a	i		V/III	V				III			M	1	1	1, 5, 2		1.0	1.0	0	6	0.0	0.0	0.75	0.0
100	100	0	0	3/4	2	1	III					a	i		III	III							M	1	1	0, 4, 1		0.0	0.0	0	10	0.0	0.0	1.0	0.0
100	100	3/16	3/16	3/4	2	1	V7/III					a	i		V7/III	V		7		III			Mm7	1	1	1, 5, 2, -1		1.0	1.0	0	3	0.0	0.0	0.1875	0.0
100	100	1/4	1/4	3/4	2	1	III					a	i		III	III							M	1	1	0, 4, 1		0.0	0.0	0	8	0.0	0.0	1.0	0.0
100	100	5/8	5/8	3/4	2	1	v	0	-3.5	/		a	i		v	v							m	1	1	4, 1, 5		4.0	4.0	0	15	0.0	0.0	2.0	0.0
102	102	1/4	1/4	3/4	2	1	III					a	i		III	III							M	1	1	0, 4, 1		0.0	0.0	7	6	0.5384615384615384	0.14583333333333334	0.22916666666666666	0.3888888888888889
102	102	1/2	1/2	3/4	2	1	v64					a	i		v64	v		64					m	1	1	5, 4, 1		4.0	5.0	7	6	0.5384615384615384	0.14583333333333334	0.22916666666666666	0.3888888888888889
103	103	0	0	3/4	2	1	i|PAC}	0	-6.5	/		a	i		i	i					PAC	}	m	1	1	3, 0, 4		3.0	3.0	0	5	0.0	0.0	0.625	0.0
